,Peptide,Binding Affinity,MHC Molecule,Peptide Length
345,AEDLADHHV,0.0846866,HLA-B15:17,9
451,AEGVVAFLI,0.0846866,HLA-B15:17,9
1065,AKATGRYNL,0.0846866,HLA-B15:17,9
1102,AKYEICLEK,0.0846866,HLA-B15:17,9
1200,ALFDRPAFK,0.0846866,HLA-B15:17,9
1691,APAKKAAPA,0.0846866,HLA-B15:17,9
1723,APDGFYPFK,0.0846866,HLA-B15:17,9
1970,AQKLATKPV,0.0846866,HLA-B15:17,9
2085,ARVAASLAK,0.0846866,HLA-B15:17,9
2345,ATFEVFLAK,0.42414,HLA-B15:17,9
2445,AVDADDSHF,0.0846866,HLA-B15:17,9
2652,AVNAATYNR,0.0846866,HLA-B15:17,9
2685,AVRNAKAAV,0.0846866,HLA-B15:17,9
2729,AVTAALHRK,0.0846866,HLA-B15:17,9
2965,AYQPTRWFI,0.0846866,HLA-B15:17,9
3096,CFMYSDFHF,0.0846866,HLA-B15:17,9
3221,CLSDEINHV,0.0846866,HLA-B15:17,9
3429,CTDPYSQMV,0.349899,HLA-B15:17,9
3777,DIRQDVIAM,0.0846866,HLA-B15:17,9
4217,DSFAKQPQW,0.508482,HLA-B15:17,9
4466,DYDDVVHEV,0.0846866,HLA-B15:17,9
5020,EIEIEKNKK,0.0846866,HLA-B15:17,9
5198,EIRHRSGIQ,0.0846866,HLA-B15:17,9
5242,EKDSNHNVL,0.0846866,HLA-B15:17,9
5304,ELAPIRVNA,0.0846866,HLA-B15:17,9
5459,ELNKGWFGA,0.0846866,HLA-B15:17,9
5493,ELQENITAH,0.0846866,HLA-B15:17,9
5592,EMIWDPNGW,0.0846866,HLA-B15:17,9
5874,ESEVDDPAM,0.0846866,HLA-B15:17,9
5961,ETDDYMFFV,0.772677,HLA-B15:17,9
5998,ETESATLFT,0.0846866,HLA-B15:17,9
6221,EVEHRTRVR,0.0846866,HLA-B15:17,9
6802,FHGIFYSIF,0.0846866,HLA-B15:17,9
6879,FIKDRATAV,0.0846866,HLA-B15:17,9
6935,FIRDCSVAL,0.359217,HLA-B15:17,9
7289,FLKNRFEAL,0.0846866,HLA-B15:17,9
7567,FLRDNRAVL,0.0846866,HLA-B15:17,9
8126,FQAGWEDPT,0.0846866,HLA-B15:17,9
8241,FQWPALHEE,0.0846866,HLA-B15:17,9
8267,FQYEHEQTF,0.380617,HLA-B15:17,9
8362,FRLMRTNFL,0.0846866,HLA-B15:17,9
8455,FRRRKRMGF,0.0846866,HLA-B15:17,9
8553,FSLGQGVKF,0.940678,HLA-B15:17,9
8712,FTARIIIFS,0.0846866,HLA-B15:17,9
8767,FTFDLTALK,0.0846866,HLA-B15:17,9
8790,FTFERSKIK,0.0846866,HLA-B15:17,9
9003,FVHSGFIYF,0.387439,HLA-B15:17,9
9488,GEGSGARLL,0.0846866,HLA-B15:17,9
10003,GLIVLPFYK,0.0846866,HLA-B15:17,9
10223,GLYRLNFRR,0.0846866,HLA-B15:17,9
10454,GPRWPRRMP,0.0846866,HLA-B15:17,9
10669,GSKYRGLPK,0.0846866,HLA-B15:17,9
10821,GTFKSVAVK,0.0846866,HLA-B15:17,9
10883,GTIIVHPNK,0.0846866,HLA-B15:17,9
11051,GVPELGAFF,0.0846866,HLA-B15:17,9
11111,GWPDNYCEW,0.0846866,HLA-B15:17,9
11416,HHSDDALFI,0.0846866,HLA-B15:17,9
11449,HIDPMWKVL,0.0846866,HLA-B15:17,9
11568,HLLCQAFSV,0.0846866,HLA-B15:17,9
11805,HQKKNEISF,0.0846866,HLA-B15:17,9
11929,HTAEIQQFF,1.0,HLA-B15:17,9
12457,IEVKFHPIL,0.0846866,HLA-B15:17,9
12519,IFMLQKCDL,0.0846866,HLA-B15:17,9
12583,IGRGKNHAR,0.0846866,HLA-B15:17,9
12625,IHDFVDKTL,0.0846866,HLA-B15:17,9
12682,IHIPGDTLF,0.0846866,HLA-B15:17,9
12814,IISLKYTRK,0.0846866,HLA-B15:17,9
13397,INTLESMMK,0.0846866,HLA-B15:17,9
13508,IPRNRDNLL,0.0846866,HLA-B15:17,9
13625,IQRRGAQFQ,0.0846866,HLA-B15:17,9
13788,ISGKSTDMW,0.555242,HLA-B15:17,9
13792,ISGPIKHPL,0.585875,HLA-B15:17,9
13832,ISIPRSVGF,1.0,HLA-B15:17,9
13874,ISYGGGWKL,1.0,HLA-B15:17,9
13877,ITAAAWYLW,0.824201,HLA-B15:17,9
13895,ITAVNRYFK,0.0846866,HLA-B15:17,9
13925,ITDEINQIK,0.0846866,HLA-B15:17,9
13980,ITKEKKEEL,0.0846866,HLA-B15:17,9
14011,ITLFPSYQL,1.0,HLA-B15:17,9
14294,IVRQGIRQL,0.70666,HLA-B15:17,9
14490,IYTVIYYIF,0.437566,HLA-B15:17,9
14515,IYWLIFWRF,0.0846866,HLA-B15:17,9
14694,KAMRPWQSF,0.975751,HLA-B15:17,9
14704,KARARLLSM,0.658371,HLA-B15:17,9
14710,KASSAWHYF,0.705889,HLA-B15:17,9
14720,KAVEKGKNW,0.734416,HLA-B15:17,9
14740,KAWGKSIIF,1.0,HLA-B15:17,9
14741,KAWLVHRQW,0.317806,HLA-B15:17,9
15141,KIMDYGKYK,0.0846866,HLA-B15:17,9
15325,KLADYLLLQ,0.0846866,HLA-B15:17,9
15416,KLHRYIDSM,0.0846866,HLA-B15:17,9
15455,KLITQPLPA,0.0846866,HLA-B15:17,9
15705,KLWIWIGSQ,0.0846866,HLA-B15:17,9
16168,KRKLMYVSA,0.0846866,HLA-B15:17,9
16273,KRSTPFYTK,0.0846866,HLA-B15:17,9
16306,KSALNDFDF,0.687203,HLA-B15:17,9
16403,KSLGIDQIW,0.972263,HLA-B15:17,9
16499,KSTSPTRTW,0.919086,HLA-B15:17,9
16528,KTAPQLNVF,1.0,HLA-B15:17,9
16570,KTIQGGLGW,1.0,HLA-B15:17,9
16677,KTLSESVGL,0.975751,HLA-B15:17,9
16703,KTTKHDQGF,0.726897,HLA-B15:17,9
16724,KTTKSWLQK,0.0846866,HLA-B15:17,9
16737,KTVLFGRVM,0.945675,HLA-B15:17,9
16808,KVFFVNWFR,0.0846866,HLA-B15:17,9
17119,KYLFSPNML,0.0846866,HLA-B15:17,9
17178,KYQSPVNIF,0.0846866,HLA-B15:17,9
17580,LFLSFCSLF,0.0846866,HLA-B15:17,9
17759,LICYQIEYI,0.0846866,HLA-B15:17,9
18374,LLRDNRAAL,0.0846866,HLA-B15:17,9
18729,LMRRFRFTV,0.0846866,HLA-B15:17,9
18751,LMRTNFLIK,0.0846866,HLA-B15:17,9
18791,LMTHTWHAK,0.0846866,HLA-B15:17,9
19113,LPRERFRKT,0.0846866,HLA-B15:17,9
19284,LRKERLAKL,0.0846866,HLA-B15:17,9
19463,LSNFMLWQF,0.915313,HLA-B15:17,9
19922,LTVKHMANV,0.807811,HLA-B15:17,9
19978,LVAPHMAMM,0.493808,HLA-B15:17,9
20386,MAMTGLPQA,0.0846866,HLA-B15:17,9
20454,MEFEPFQSL,0.0846866,HLA-B15:17,9
20503,MEKTHNLMA,0.0846866,HLA-B15:17,9
20527,MELSLRAIQ,0.0846866,HLA-B15:17,9
20920,MLREGNQAF,0.700671,HLA-B15:17,9
20946,MLTNASGHA,0.0846866,HLA-B15:17,9
21020,MMHASTSPF,0.825591,HLA-B15:17,9
21116,MPDTLFEGV,0.0846866,HLA-B15:17,9
21279,MPVGGQSSF,0.275361,HLA-B15:17,9
21535,MSIISTFHL,1.0,HLA-B15:17,9
21906,MYQYIFLSF,0.0846866,HLA-B15:17,9
22360,NLFDWMHFL,0.0846866,HLA-B15:17,9
22470,NLPSKPVWL,0.0846866,HLA-B15:17,9
22712,NQLYLTVSF,0.0846866,HLA-B15:17,9
22804,NSDTVDWSW,0.0846866,HLA-B15:17,9
22891,NTDDFPLTL,0.0846866,HLA-B15:17,9
22993,NVHRSQFAQ,0.0846866,HLA-B15:17,9
23179,PELGAFFAI,0.0846866,HLA-B15:17,9
23370,PLFPGITRV,0.0846866,HLA-B15:17,9
23718,PSYQLPLPM,0.562265,HLA-B15:17,9
24131,QHAWPLPPL,0.0846866,HLA-B15:17,9
24553,QQLYTSPSF,0.465525,HLA-B15:17,9
24729,QTDNDIWFW,0.0846866,HLA-B15:17,9
24785,QVGIFLICK,0.0846866,HLA-B15:17,9
24887,QYSGFVRTL,0.433452,HLA-B15:17,9
24904,QYSPHSFMA,0.0846866,HLA-B15:17,9
24979,RAIMTTWTV,0.621587,HLA-B15:17,9
25097,RAVEPGTVL,1.0,HLA-B15:17,9
25129,RAVPPNPTI,0.991191,HLA-B15:17,9
25131,RAWNSGYEW,0.863065,HLA-B15:17,9
25168,RAYSVPETF,1.0,HLA-B15:17,9
25196,RDITAFEGL,0.0846866,HLA-B15:17,9
25337,RELYYRLKF,0.0846866,HLA-B15:17,9
25383,REQASYLYV,0.0846866,HLA-B15:17,9
25585,RGRIGRTYL,0.609072,HLA-B15:17,9
26078,RLKHIFLIF,0.0846866,HLA-B15:17,9
26491,RPAFPAGTF,0.0846866,HLA-B15:17,9
26628,RPLMKNTYL,0.0846866,HLA-B15:17,9
26737,RPNRQLGSM,0.0846866,HLA-B15:17,9
26795,RPRQRGIPF,0.640494,HLA-B15:17,9
26853,RQADILRQF,0.545279,HLA-B15:17,9
27557,RSSPRETMK,0.0846866,HLA-B15:17,9
27760,RTYSLLNRK,0.0846866,HLA-B15:17,9
27868,RVQFIPGQR,0.0846866,HLA-B15:17,9
28126,RYRRLIQIL,0.0846866,HLA-B15:17,9
28476,SESTIDIIL,0.0846866,HLA-B15:17,9
28640,SGLPGIFIV,0.0846866,HLA-B15:17,9
28707,SHEGEGIPL,0.0846866,HLA-B15:17,9
28734,SHEQGDIAL,0.0846866,HLA-B15:17,9
29000,SLFNWLWYE,0.0846866,HLA-B15:17,9
29131,SLSEPWRDF,0.0846866,HLA-B15:17,9
29198,SLTIPSFYT,0.0846866,HLA-B15:17,9
29227,SLVAIHLAC,0.0846866,HLA-B15:17,9
29631,SPMETTAEF,0.0846866,HLA-B15:17,9
29739,SQLPPACPV,0.0846866,HLA-B15:17,9
29837,SRLGIVVLR,0.0846866,HLA-B15:17,9
30464,SVANIDRIK,0.0846866,HLA-B15:17,9
30510,SVFALLPPQ,0.0846866,HLA-B15:17,9
30585,SVIDHIHYM,0.638438,HLA-B15:17,9
30649,SVMSTFFWE,0.0846866,HLA-B15:17,9
30747,SWKQSKMWR,0.0846866,HLA-B15:17,9
30813,SYFPDSNNV,0.0846866,HLA-B15:17,9
31138,TESDAIRTL,0.0846866,HLA-B15:17,9
31356,TKAGMAQYL,0.0846866,HLA-B15:17,9
31471,TLKDGDFIL,0.0846866,HLA-B15:17,9
31686,TMLYNKMEF,0.469598,HLA-B15:17,9
31827,TPKKPNSAL,0.0846866,HLA-B15:17,9
31958,TPSHYSGNI,0.0846866,HLA-B15:17,9
31989,TPVEHGLVL,0.416766,HLA-B15:17,9
32066,TQSPVSVGF,0.0846866,HLA-B15:17,9
32443,TTHHTIPLL,0.612918,HLA-B15:17,9
32496,TTRAVNMEV,0.0846866,HLA-B15:17,9
32538,TTTDGYAHV,0.0846866,HLA-B15:17,9
32631,TVFRNQNRV,0.0846866,HLA-B15:17,9
33437,VLDMGDPVK,0.0846866,HLA-B15:17,9
33482,VLIRRCHYL,0.0846866,HLA-B15:17,9
33545,VLLISDPGL,0.488221,HLA-B15:17,9
33753,VPAERRGVF,0.0846866,HLA-B15:17,9
33994,VQKVNPAPK,0.0846866,HLA-B15:17,9
34203,VSSHKGWAK,0.0846866,HLA-B15:17,9
34287,VTGPVGQLW,1.0,HLA-B15:17,9
34548,VVSEIDLQW,0.935937,HLA-B15:17,9
34649,VYFVLTDRF,0.0846866,HLA-B15:17,9
34819,WDAYIPHYV,0.0846866,HLA-B15:17,9
34897,WGKEAVNHF,0.0846866,HLA-B15:17,9
34930,WIPKRNRSI,0.0846866,HLA-B15:17,9
35265,WRQEIGHPK,0.0846866,HLA-B15:17,9
35314,WSFYRVVVK,0.0846866,HLA-B15:17,9
35329,WSLSVEWQF,1.0,HLA-B15:17,9
35761,YFTFDLTAL,0.0846866,HLA-B15:17,9
35816,YGVKNLFDW,0.534049,HLA-B15:17,9
36101,YLAPSYRNF,0.2338,HLA-B15:17,9
36197,YLIPSVTSL,0.0846866,HLA-B15:17,9
36472,YMWECPDFF,0.532862,HLA-B15:17,9
36657,YQAFRTKVH,0.0846866,HLA-B15:17,9
36695,YQIEGAWRA,0.0846866,HLA-B15:17,9
36808,YQVEGATRV,0.0846866,HLA-B15:17,9
36833,YQYIFLSFF,0.0846866,HLA-B15:17,9
36872,YRFRKSSKK,0.0846866,HLA-B15:17,9
37050,YSKPWMAFF,1.0,HLA-B15:17,9
37636,YWMGGTTYF,0.360186,HLA-B15:17,9
37768,AAVSTHSRV,0.01,HLA-B15:17,9
37861,AGFDLAQPS,0.01,HLA-B15:17,9
38627,DTVRVWADI,0.01,HLA-B15:17,9
39789,GRLIDFLKD,0.01,HLA-B15:17,9
39841,GTHSELVAK,0.01,HLA-B15:17,9
40777,LAIVSGLQQ,0.01,HLA-B15:17,9
117,AAPAPAPSW,0.733636,HLA-B15:17,9
519,AENCYNLEI,0.0846866,HLA-B15:17,9
754,AFYWHFIFR,0.0846866,HLA-B15:17,9
1070,AKIALAVYK,0.0846866,HLA-B15:17,9
1503,ALYLLDGLR,0.436167,HLA-B15:17,9
1523,ALYSYASAK,0.0846866,HLA-B15:17,9
1573,AMDTHLYFE,0.0846866,HLA-B15:17,9
1888,APTLHRLGI,0.0846866,HLA-B15:17,9
1917,APVESMALF,0.110391,HLA-B15:17,9
2369,ATAVNQECW,0.869592,HLA-B15:17,9
2873,AVRQFRASV,0.0846866,HLA-B15:17,9
2918,AVRQKSRWI,0.729832,HLA-B15:17,9
3039,AVYSTFLHR,0.0846866,HLA-B15:17,9
3408,CEKRLLLKL,0.0846866,HLA-B15:17,9
3571,CLVSGLSSL,0.0846866,HLA-B15:17,9
3959,DEISLLLAS,0.0846866,HLA-B15:17,9
4009,DEMVCKWLL,0.0846866,HLA-B15:17,9
4047,DEWECTRDD,0.0846866,HLA-B15:17,9
4102,DFGYATMAK,0.0846866,HLA-B15:17,9
4463,DPKKTGGPI,0.0846866,HLA-B15:17,9
4670,DSFAGSLIW,0.92302,HLA-B15:17,9
4933,DWSGYSGSF,0.342039,HLA-B15:17,9
5148,EEDEGEELF,0.0846866,HLA-B15:17,9
5307,EGAGIDDPV,0.0846866,HLA-B15:17,9
5523,EIPQFMIGL,0.0846866,HLA-B15:17,9
5567,EIYRTLYGL,0.44995,HLA-B15:17,9
6765,EYKKFIATF,0.374987,HLA-B15:17,9
6782,EYKKSLYKF,0.0846866,HLA-B15:17,9
6819,EYYFRNEVF,0.0846866,HLA-B15:17,9
6859,FAAPHRGVA,0.0846866,HLA-B15:17,9
7105,FENDIDEIL,0.0846866,HLA-B15:17,9
7231,FHHRIRCKL,0.0846866,HLA-B15:17,9
7251,FHIVNQESL,0.0846866,HLA-B15:17,9
7525,FLFDRLTNG,0.0846866,HLA-B15:17,9
7951,FLQQRKPPL,0.0846866,HLA-B15:17,9
8517,FPYEGGKVF,0.559785,HLA-B15:17,9
8654,FQKDAKVLF,0.0846866,HLA-B15:17,9
9310,FWAWSVLRV,0.0846866,HLA-B15:17,9
9402,FYRNISDPL,0.0846866,HLA-B15:17,9
9707,GEIGIRNWL,0.0846866,HLA-B15:17,9
9888,GHFPLQHAL,0.0846866,HLA-B15:17,9
10210,GLYNRHRGR,0.0846866,HLA-B15:17,9
10338,GMWCVLASR,0.0846866,HLA-B15:17,9
10434,GPRGRHVVL,0.0846866,HLA-B15:17,9
10550,GQMYNMNTL,0.0846866,HLA-B15:17,9
10583,GRFQEALKK,0.0846866,HLA-B15:17,9
10855,GSFKEYVFW,0.569514,HLA-B15:17,9
10870,GSGDDTWLI,0.0846866,HLA-B15:17,9
11009,GTAHSHLVL,0.915313,HLA-B15:17,9
11051,GTFEFTSFF,0.835953,HLA-B15:17,9
11149,GTYVVESVF,1.0,HLA-B15:17,9
11169,GVDGLGVSV,0.0846866,HLA-B15:17,9
11255,GVRQFSGWM,0.0846866,HLA-B15:17,9
11650,HLSGWELAK,0.0846866,HLA-B15:17,9
11902,HSGDSSCAF,0.488769,HLA-B15:17,9
11965,HSSVAGGLW,0.991191,HLA-B15:17,9
12211,HWMDATFNI,0.0846866,HLA-B15:17,9
12329,IARISALGF,0.881612,HLA-B15:17,9
12340,IASPILFPF,0.962526,HLA-B15:17,9
12454,IESNPLFPV,0.0846866,HLA-B15:17,9
12494,IFDDLQGSL,0.0846866,HLA-B15:17,9
12565,IFRRDQIWF,0.318859,HLA-B15:17,9
12838,IISTNTLGK,0.0846866,HLA-B15:17,9
13089,ILNSDDEQA,0.0846866,HLA-B15:17,9
13230,ILTRLALFF,0.0846866,HLA-B15:17,9
13663,IPRLGGMAF,0.252009,HLA-B15:17,9
13752,IQFDWYPTS,0.0846866,HLA-B15:17,9
13846,IQYPLWWGH,0.0846866,HLA-B15:17,9
13918,IRKPKHLYV,0.0846866,HLA-B15:17,9
13988,IRSAEVVSR,0.0846866,HLA-B15:17,9
14047,ISCQIYNAL,0.592043,HLA-B15:17,9
14192,ISLEAGQRF,1.0,HLA-B15:17,9
14217,ISNNHIISK,0.0846866,HLA-B15:17,9
14254,ISSGCTKTF,0.835953,HLA-B15:17,9
14283,ISVQPLWEW,0.92302,HLA-B15:17,9
14305,ISYTYNDNW,0.968902,HLA-B15:17,9
14357,ITFHNQRDF,0.847625,HLA-B15:17,9
14515,ITSKSRQVL,0.869592,HLA-B15:17,9
14659,IVHVDHECF,0.247631,HLA-B15:17,9
14700,IVLLCYGGW,0.522653,HLA-B15:17,9
14990,KACPPGFVF,0.541124,HLA-B15:17,9
15022,KAFPSNMMV,0.675176,HLA-B15:17,9
15114,KAYAQMWSL,0.975751,HLA-B15:17,9
15118,KAYSEAETF,0.71644,HLA-B15:17,9
15233,KEGKLQCRI,0.0846866,HLA-B15:17,9
15307,KELENEYYF,0.0846866,HLA-B15:17,9
15417,KFKPRFAGV,0.0846866,HLA-B15:17,9
15541,KGHLPLLDK,0.0846866,HLA-B15:17,9
15925,KLDFIRNTK,0.0846866,HLA-B15:17,9
16010,KLGEGFKSL,0.0846866,HLA-B15:17,9
16041,KLIEGTNIW,0.610155,HLA-B15:17,9
16083,KLLPVHYYM,0.63184,HLA-B15:17,9
16200,KLVGIELPK,0.0846866,HLA-B15:17,9
16246,KLWTSISCA,0.0846866,HLA-B15:17,9
16493,KPIPHRTVL,0.0846866,HLA-B15:17,9
16532,KPKALSEAF,0.0846866,HLA-B15:17,9
16562,KPKHLYVSM,0.0846866,HLA-B15:17,9
16587,KPKLARGEL,0.0846866,HLA-B15:17,9
16675,KQFYIFNTH,0.0846866,HLA-B15:17,9
16695,KQGDVFYTA,0.0846866,HLA-B15:17,9
16853,KRLQILGYL,0.0846866,HLA-B15:17,9
16886,KRMGVQMQR,0.0846866,HLA-B15:17,9
16943,KRWAFRTGV,0.0846866,HLA-B15:17,9
16978,KRWGFRSGV,0.0846866,HLA-B15:17,9
17084,KSAYPFDEL,0.547325,HLA-B15:17,9
17107,KSFLWTQSL,1.0,HLA-B15:17,9
17178,KSLAVEPRF,0.911688,HLA-B15:17,9
17221,KSNGAQQWL,0.8344,HLA-B15:17,9
17223,KSPDVHEDF,0.0846866,HLA-B15:17,9
17355,KTFSAHNLF,0.991191,HLA-B15:17,9
17829,KYTHFFSGF,0.41102,HLA-B15:17,9
17977,LAMITMHSW,1.0,HLA-B15:17,9
18042,LARQHIAAL,0.789055,HLA-B15:17,9
18192,LEACYKRSV,0.0846866,HLA-B15:17,9
18254,LEEDIQHFL,0.0846866,HLA-B15:17,9
18301,LEHGLYPQL,0.0846866,HLA-B15:17,9
18409,LESLTDREL,0.0846866,HLA-B15:17,9
18571,LFPELECFF,0.0846866,HLA-B15:17,9
18767,LITNTIAGV,0.0846866,HLA-B15:17,9
18847,LLDDGWAGE,0.0846866,HLA-B15:17,9
19499,LNWFEIWIV,0.0846866,HLA-B15:17,9
19515,LPAEVRAAF,0.0846866,HLA-B15:17,9
19675,LPNRRHHLI,0.0846866,HLA-B15:17,9
19704,LPPVVPPLI,0.0846866,HLA-B15:17,9
19891,LQIRGRERF,0.0846866,HLA-B15:17,9
20040,LRYGNVLDV,0.0846866,HLA-B15:17,9
20807,LVRGNSPVF,0.950958,HLA-B15:17,9
20978,LYRYIQWLR,0.0846866,HLA-B15:17,9
21246,MHDPHSIPL,0.0846866,HLA-B15:17,9
21507,MLSPMLHHW,0.92302,HLA-B15:17,9
21549,MLVGHMPFM,0.459947,HLA-B15:17,9
21817,MQLPGGWLL,0.217643,HLA-B15:17,9
21947,MRNTIMASK,0.0846866,HLA-B15:17,9
21993,MSDIFASEV,0.931428,HLA-B15:17,9
22157,MTQNISNDK,0.0846866,HLA-B15:17,9
22910,NLTEEMAAL,0.0846866,HLA-B15:17,9
23112,NRLKPRDFK,0.0846866,HLA-B15:17,9
23378,NTRDHVNLV,0.0846866,HLA-B15:17,9
23521,NYNGLLSSI,0.0846866,HLA-B15:17,9
23566,PAASAIFDV,0.0846866,HLA-B15:17,9
23930,PPPPLQHPI,0.0846866,HLA-B15:17,9
23975,PQVLGGLSF,0.0846866,HLA-B15:17,9
24081,PSKKHWLGK,0.0846866,HLA-B15:17,9
24386,QAHMGIAGL,0.898463,HLA-B15:17,9
24613,QFLSFASLF,0.0846866,HLA-B15:17,9
24663,QGKQHLHSL,0.0846866,HLA-B15:17,9
24814,QLFPELECF,0.0846866,HLA-B15:17,9
25004,QMEQWGCPW,0.538768,HLA-B15:17,9
25076,QPAGGKAEF,0.0846866,HLA-B15:17,9
25229,QRHPNFPSK,0.0846866,HLA-B15:17,9
25366,QTEPKTSVV,0.0846866,HLA-B15:17,9
25403,QTHFPQFYW,1.0,HLA-B15:17,9
25496,QTWKPDDVL,0.390649,HLA-B15:17,9
25658,RAMDTYHRW,0.931428,HLA-B15:17,9
25673,RAMDVYCHR,0.0846866,HLA-B15:17,9
25822,RECGARVIL,0.0846866,HLA-B15:17,9
25859,REFEAQNVP,0.0846866,HLA-B15:17,9
25912,RENGGYWLL,0.0846866,HLA-B15:17,9
25978,REVLNVRYM,0.423578,HLA-B15:17,9
26287,RIGGVLIFR,0.0846866,HLA-B15:17,9
26356,RIQENHGFI,0.0846866,HLA-B15:17,9
27124,RPALVVDTP,0.0846866,HLA-B15:17,9
27197,RPGPVKFSL,0.0846866,HLA-B15:17,9
27401,RPRRASSPF,0.481554,HLA-B15:17,9
27640,RQMKSGGRF,0.404104,HLA-B15:17,9
27820,RRFDTFKAF,0.0846866,HLA-B15:17,9
28009,RRRPVTRPL,0.0846866,HLA-B15:17,9
28238,RTDNGGWAH,0.0846866,HLA-B15:17,9
28289,RTFGKLPYR,0.549913,HLA-B15:17,9
28383,RTRGGVAAA,0.0846866,HLA-B15:17,9
28457,RTTLWCDVR,0.0846866,HLA-B15:17,9
28482,RVATENIAV,0.0846866,HLA-B15:17,9
28519,RVFDKADGK,0.0846866,HLA-B15:17,9
28571,RVIGYILFF,0.55084,HLA-B15:17,9
28584,RVLEMVEDW,0.651948,HLA-B15:17,9
28633,RVPTVFHKK,0.0846866,HLA-B15:17,9
28668,RVRAAMKPI,0.911688,HLA-B15:17,9
28737,RVYLNGIGK,0.367902,HLA-B15:17,9
28774,RVYVAQKRK,0.0846866,HLA-B15:17,9
28819,RYEFTAPFI,0.0846866,HLA-B15:17,9
29837,SIYYTLVRM,0.487496,HLA-B15:17,9
29942,SLGDPLHQA,0.0846866,HLA-B15:17,9
29989,SLLHESTLK,0.0846866,HLA-B15:17,9
30439,SPVMGVIGF,0.0846866,HLA-B15:17,9
30736,SSDDFALIV,0.497878,HLA-B15:17,9
31040,STMPLVMAW,1.0,HLA-B15:17,9
31137,STYGISEDL,0.487388,HLA-B15:17,9
31229,SVFPFDGTR,0.550912,HLA-B15:17,9
31443,SYINRTGTF,0.430036,HLA-B15:17,9
31477,SYLIRALTL,0.512415,HLA-B15:17,9
31532,SYRNFSFSL,0.28931,HLA-B15:17,9
31710,TEDDWITYI,0.0846866,HLA-B15:17,9
31733,TEDQGHFPL,0.0846866,HLA-B15:17,9
31885,THADAHTQL,0.0846866,HLA-B15:17,9
31930,THYSGNIVH,0.0846866,HLA-B15:17,9
32026,TIHLATAPK,0.0846866,HLA-B15:17,9
32130,TKDAERGKL,0.0846866,HLA-B15:17,9
32752,TQRKKTLGF,0.652377,HLA-B15:17,9
32773,TRDHVNLVL,0.0846866,HLA-B15:17,9
32809,TRKIRSEEL,0.0846866,HLA-B15:17,9
32862,TRTSPNIPK,0.0846866,HLA-B15:17,9
33040,TTADHMHML,0.451992,HLA-B15:17,9
33177,TTILGLLPM,0.662115,HLA-B15:17,9
33326,TVADIWHAM,0.397206,HLA-B15:17,9
33536,TYLYNKYSF,0.270229,HLA-B15:17,9
33728,VEIFKHLVF,0.313614,HLA-B15:17,9
33757,VELGSGNSF,0.229457,HLA-B15:17,9
33799,VERLKHGTF,0.0846866,HLA-B15:17,9
34119,VILYFMYRK,0.0846866,HLA-B15:17,9
34543,VMAASGAPF,0.504232,HLA-B15:17,9
34627,VMTDGPANK,0.0846866,HLA-B15:17,9
34648,VMWAGPWSS,0.0846866,HLA-B15:17,9
34839,VPRPCQKSL,0.0846866,HLA-B15:17,9
35291,VSSAVPTSW,0.779223,HLA-B15:17,9
35491,VTGCASLYV,0.0846866,HLA-B15:17,9
35789,VWKQLFPEL,0.0846866,HLA-B15:17,9
35954,WASIVPHTW,0.8344,HLA-B15:17,9
36198,WPAGRLVEA,0.0846866,HLA-B15:17,9
36229,WPVMQWLTA,0.0846866,HLA-B15:17,9
36280,WQQWDRQSL,0.0846866,HLA-B15:17,9
36384,WTDLFDNKV,0.0846866,HLA-B15:17,9
36448,WTRPRYIEI,0.482678,HLA-B15:17,9
36491,WYKMWRVSK,0.0846866,HLA-B15:17,9
36687,YECTSRHFT,0.0846866,HLA-B15:17,9
36780,YFENSDLNL,0.0846866,HLA-B15:17,9
36892,YHLGGIEGL,0.0846866,HLA-B15:17,9
36953,YIDWMVSVP,0.0846866,HLA-B15:17,9
36982,YIITCCLFA,0.0846866,HLA-B15:17,9
37200,YLIPFIWFV,0.0846866,HLA-B15:17,9
37375,YLQYSISTA,0.0846866,HLA-B15:17,9
37465,YLYNKYSFK,0.0846866,HLA-B15:17,9
37572,YMYAVSGAL,0.519334,HLA-B15:17,9
37673,YPKFHRSAM,0.350348,HLA-B15:17,9
37697,YPPPRYITV,0.0846866,HLA-B15:17,9
37738,YPSLMSRVV,0.0846866,HLA-B15:17,9
37888,YRNFSFSLK,0.0846866,HLA-B15:17,9
37966,YSDNEMLTH,0.0846866,HLA-B15:17,9
38085,YSSHELWHF,0.85125,HLA-B15:17,9
38505,YVSADATKW,0.729336,HLA-B15:17,9
38519,YVYPDNLPR,0.0846866,HLA-B15:17,9
39235,CQSQQCSSL,0.01,HLA-B15:17,9
40184,FRTKNVDHM,0.01,HLA-B15:17,9
40471,GKNSTVLDT,0.01,HLA-B15:17,9
41002,IKNLYSDNG,0.01,HLA-B15:17,9
41214,KAFYDQNKD,0.01,HLA-B15:17,9
41263,KERKQKMTI,0.01,HLA-B15:17,9
142,AARHKHQVM,0.0846866,HLA-B15:17,9
311,AEALLADGL,0.0846866,HLA-B15:17,9
426,AEMRAYHGF,0.0846866,HLA-B15:17,9
822,AIIDYIAYM,0.86519,HLA-B15:17,9
854,AILAGEHKC,0.0846866,HLA-B15:17,9
1357,AMFIGHATA,0.0846866,HLA-B15:17,9
1397,AMITYITRK,0.0846866,HLA-B15:17,9
1514,APAKKAAAK,0.0846866,HLA-B15:17,9
1544,APEEKYLSM,0.0846866,HLA-B15:17,9
1661,AQNAISTTF,0.484827,HLA-B15:17,9
1721,AQSDFMSWV,0.0846866,HLA-B15:17,9
1786,ARHGEYAPF,0.0846866,HLA-B15:17,9
1822,ARIDARIDF,0.248967,HLA-B15:17,9
2066,ATFEAVLAK,0.36005,HLA-B15:17,9
2163,ATNDGLIKK,0.0846866,HLA-B15:17,9
2294,AVDWYQQRI,0.0846866,HLA-B15:17,9
2407,AVGVVCTGL,0.0846866,HLA-B15:17,9
2516,AVYLLDGLR,0.0846866,HLA-B15:17,9
2705,CEALLADGL,0.0846866,HLA-B15:17,9
3001,CPTLKKGFL,0.0846866,HLA-B15:17,9
3235,CVFKFIVAK,0.0846866,HLA-B15:17,9
3463,DEFVADIPS,0.0846866,HLA-B15:17,9
3521,DEQEFFYSQ,0.0846866,HLA-B15:17,9
3562,DETFVHSGF,0.0846866,HLA-B15:17,9
3676,DGFGVHLAF,0.0846866,HLA-B15:17,9
3930,DLAQDPMLI,0.0846866,HLA-B15:17,9
4335,DTWHGFKNM,0.0846866,HLA-B15:17,9
4641,EDFEIFYNL,0.0846866,HLA-B15:17,9
4879,EETLLTTWL,0.0846866,HLA-B15:17,9
5160,EKPKFLPDL,0.0846866,HLA-B15:17,9
5244,ELFYILIAK,0.0846866,HLA-B15:17,9
5463,EMRFAYICT,0.0846866,HLA-B15:17,9
5506,EPADHLAIM,0.0846866,HLA-B15:17,9
5774,ERYPGGVSL,0.0846866,HLA-B15:17,9
5837,ETAWPFFYA,0.0846866,HLA-B15:17,9
5975,ETKKTMLAL,0.69959,HLA-B15:17,9
6047,ETQTGMHAH,0.0846866,HLA-B15:17,9
6083,ETTEANAGQ,0.0846866,HLA-B15:17,9
6164,EVADRVIFM,0.0846866,HLA-B15:17,9
6247,EVATRFNTM,0.370452,HLA-B15:17,9
6757,FEADPLSPQ,0.0846866,HLA-B15:17,9
6889,FGALFMWLL,0.0846866,HLA-B15:17,9
7176,FKYDSTKPL,0.0846866,HLA-B15:17,9
7186,FLAAECPFL,0.0846866,HLA-B15:17,9
7207,FLAFFSNGV,0.0846866,HLA-B15:17,9
7247,FLCPTFTLK,0.0846866,HLA-B15:17,9
7611,FLYDRLAST,0.0846866,HLA-B15:17,9
7645,FMDPGIFPR,0.0846866,HLA-B15:17,9
7686,FMKVKFEAL,0.0846866,HLA-B15:17,9
7799,FPDGKPFTL,0.0846866,HLA-B15:17,9
7979,FPIPTEVVA,0.0846866,HLA-B15:17,9
8031,FPNEVGARI,0.0846866,HLA-B15:17,9
8512,FSDLCNFLI,0.0846866,HLA-B15:17,9
8543,FSFEIALLK,0.342572,HLA-B15:17,9
8672,FTDNNELEF,0.898463,HLA-B15:17,9
8993,FVKDWMDRI,0.0846866,HLA-B15:17,9
9155,FWLMVYEGL,0.225177,HLA-B15:17,9
9288,GALSRRYPH,0.0846866,HLA-B15:17,9
9431,GELRKAICL,0.0846866,HLA-B15:17,9
9512,GFKLRSAVM,0.0846866,HLA-B15:17,9
9569,GGHGGSTFK,0.0846866,HLA-B15:17,9
9615,GIALAVPCV,0.0846866,HLA-B15:17,9
9795,GLEAYIQGI,0.0846866,HLA-B15:17,9
10230,GPSPSHKSV,0.0846866,HLA-B15:17,9
10276,GQFDSMLAK,0.0846866,HLA-B15:17,9
10455,GRYNLVPPK,0.0846866,HLA-B15:17,9
10535,GSVVASQIF,0.856969,HLA-B15:17,9
10558,GTEEIRSLF,0.500127,HLA-B15:17,9
10737,GVDGGWQAL,0.0846866,HLA-B15:17,9
10887,GYAWIDFDI,0.0846866,HLA-B15:17,9
10930,GYLEGTRTL,0.0846866,HLA-B15:17,9
11035,HAVWYVASF,0.898463,HLA-B15:17,9
11084,HFIYHKREK,0.0846866,HLA-B15:17,9
11208,HKELAITAL,0.0846866,HLA-B15:17,9
11431,HPRQFLAFL,0.0846866,HLA-B15:17,9
11623,HSNSEYLMF,0.991191,HLA-B15:17,9
11926,IASPAWFLF,0.983149,HLA-B15:17,9
11981,ICSAVPVHW,0.452584,HLA-B15:17,9
12055,IEAGDEVFF,0.0846866,HLA-B15:17,9
12079,IEDDEIIWV,0.0846866,HLA-B15:17,9
12264,IFLKPDETF,0.0846866,HLA-B15:17,9
12353,IGKMNKHYK,0.0846866,HLA-B15:17,9
12414,IHLDKGGQF,0.0846866,HLA-B15:17,9
12651,ILFDRLPIA,0.0846866,HLA-B15:17,9
12871,ILNRKAIDF,0.0846866,HLA-B15:17,9
13200,IPRACQKSL,0.0846866,HLA-B15:17,9
13252,IPVRRGYTT,0.0846866,HLA-B15:17,9
13542,ISGSNIVIF,0.533691,HLA-B15:17,9
13553,ISIPGDGKF,0.92302,HLA-B15:17,9
13597,ISNYICVAW,0.816274,HLA-B15:17,9
13801,ITWETPMIW,1.0,HLA-B15:17,9
13875,IVHPPMLYM,0.619908,HLA-B15:17,9
14315,KAMSTPFSL,0.975751,HLA-B15:17,9
14334,KARNIISPV,0.0846866,HLA-B15:17,9
14400,KAYANMWSL,1.0,HLA-B15:17,9
14512,KECVDGTLL,0.0846866,HLA-B15:17,9
14805,KFRRFTQAI,0.0846866,HLA-B15:17,9
15315,KLLKSWVSK,0.0846866,HLA-B15:17,9
15548,KLYLRPWWH,0.0846866,HLA-B15:17,9
15666,KMTPWSAYW,0.991191,HLA-B15:17,9
15809,KQIGGTLFE,0.0846866,HLA-B15:17,9
15839,KQIVIINPM,0.0846866,HLA-B15:17,9
16048,KSEPEGTRM,0.245778,HLA-B15:17,9
16064,KSFLVHREW,0.83914,HLA-B15:17,9
16068,KSFSTHHHM,0.956561,HLA-B15:17,9
16281,KSNEKNMDF,0.816274,HLA-B15:17,9
16356,KSVTKSSSW,1.0,HLA-B15:17,9
16363,KSWPAAIDW,0.975751,HLA-B15:17,9
16388,KSYCQPLPE,0.275598,HLA-B15:17,9
16560,KTIECSKEL,0.788116,HLA-B15:17,9
16627,KTMMQAHDL,0.49918,HLA-B15:17,9
16682,KTWGKNLVF,0.950958,HLA-B15:17,9
16961,KVSVGSYFC,0.0846866,HLA-B15:17,9
17043,KYFVRSTEK,0.0846866,HLA-B15:17,9
17361,LASIAGHHF,0.842441,HLA-B15:17,9
17382,LATLKDMWK,0.0846866,HLA-B15:17,9
17424,LAYASYFSF,0.956561,HLA-B15:17,9
17540,LEGLADAIW,0.0846866,HLA-B15:17,9
17610,LEMNDAPTA,0.0846866,HLA-B15:17,9
18302,LLIQGLKTV,0.0846866,HLA-B15:17,9
18885,LMWASSGFF,0.8344,HLA-B15:17,9
19126,LPQYFTFDL,0.0846866,HLA-B15:17,9
19272,LQKIPLQWF,0.0846866,HLA-B15:17,9
19311,LQRFSVAPM,0.301803,HLA-B15:17,9
19388,LRNIYETEF,0.0846866,HLA-B15:17,9
19462,LSDLCNFLV,0.0846866,HLA-B15:17,9
20412,MFKNFPFFK,0.0846866,HLA-B15:17,9
20466,MHCDFAFWV,0.0846866,HLA-B15:17,9
20607,MLDPRFVKQ,0.0846866,HLA-B15:17,9
20813,MMWEINGPK,0.0846866,HLA-B15:17,9
20977,MPRLSRNAA,0.0846866,HLA-B15:17,9
21017,MQGKDFNHL,0.0846866,HLA-B15:17,9
21035,MQIDGGEGV,0.0846866,HLA-B15:17,9
21098,MRDLRQHEV,0.0846866,HLA-B15:17,9
21235,MSRAFGFTV,0.709407,HLA-B15:17,9
22131,NMVADLWHA,0.0846866,HLA-B15:17,9
22292,NRDVSFQDL,0.0846866,HLA-B15:17,9
22393,NSDPNTPDK,0.0846866,HLA-B15:17,9
22514,NTDEIPELI,0.0846866,HLA-B15:17,9
22720,NYFNRMFHF,0.0846866,HLA-B15:17,9
22849,PEDDGTDWF,0.0846866,HLA-B15:17,9
23002,PHPVVVRTL,0.0846866,HLA-B15:17,9
23290,PRFGSCYFL,0.0846866,HLA-B15:17,9
23740,QHSFMANRM,0.0846866,HLA-B15:17,9
23809,QINELHHSK,0.0846866,HLA-B15:17,9
23978,QLEVRSTEV,0.0846866,HLA-B15:17,9
24735,RAWGRRLMI,1.0,HLA-B15:17,9
24997,REVFDYLLP,0.0846866,HLA-B15:17,9
25083,RFRCVGPAP,0.0846866,HLA-B15:17,9
25369,RKLTNPANK,0.0846866,HLA-B15:17,9
25391,RKMPHLFSK,0.0846866,HLA-B15:17,9
25445,RLDARLQVL,0.0846866,HLA-B15:17,9
25736,RMIESRMSK,0.0846866,HLA-B15:17,9
25796,RMMETWHPL,0.370931,HLA-B15:17,9
25965,RPAGARAAF,0.0846866,HLA-B15:17,9
25997,RPAPARLPL,0.0846866,HLA-B15:17,9
26195,RPRLWRSVI,0.273982,HLA-B15:17,9
26224,RPVFARLPF,0.0846866,HLA-B15:17,9
26450,RRAAVSTLE,0.0846866,HLA-B15:17,9
26506,RRELSKEKL,0.0846866,HLA-B15:17,9
26545,RRFTQAIYD,0.0846866,HLA-B15:17,9
26805,RSLFGGMSW,1.0,HLA-B15:17,9
27044,RTFSILNRK,0.0846866,HLA-B15:17,9
27094,RTIQGQRFW,0.0846866,HLA-B15:17,9
27356,RVCAEMVAK,0.0846866,HLA-B15:17,9
27478,RVLHEDRFF,0.692027,HLA-B15:17,9
27543,RVRGAVTGM,0.845865,HLA-B15:17,9
27570,RVRQQVIQL,0.678252,HLA-B15:17,9
27598,RVVEPIKQI,0.898463,HLA-B15:17,9
27646,RVYAELAAL,1.0,HLA-B15:17,9
27703,RWRVYLRRK,0.0846866,HLA-B15:17,9
27805,RYSNFAWYF,0.0846866,HLA-B15:17,9
28111,SEHFSLLFL,0.0846866,HLA-B15:17,9
28155,SELTVSPPD,0.0846866,HLA-B15:17,9
28238,SEVKFKYVL,0.0846866,HLA-B15:17,9
28324,SFSFGGFTF,0.659061,HLA-B15:17,9
28521,SIPFGLMSA,0.0846866,HLA-B15:17,9
29277,SPKIDRGWV,0.0846866,HLA-B15:17,9
29318,SPRSRNRSF,0.0846866,HLA-B15:17,9
29406,SPVSRSHSF,0.0846866,HLA-B15:17,9
29481,SQFNHWFGE,0.0846866,HLA-B15:17,9
29508,SQIETGTPF,0.0846866,HLA-B15:17,9
29725,SSDLRSWTF,0.0846866,HLA-B15:17,9
29912,SSWNSAHEK,0.0846866,HLA-B15:17,9
29941,SSYRMGINK,0.0846866,HLA-B15:17,9
30207,STYQFSLMQ,0.0846866,HLA-B15:17,9
30261,SVFELSNFA,0.0846866,HLA-B15:17,9
30457,SWHHTSDDF,0.0846866,HLA-B15:17,9
30524,SYLKPHIFE,0.0846866,HLA-B15:17,9
30757,TEFFMSRKL,0.0846866,HLA-B15:17,9
30891,TEWPQLKVA,0.0846866,HLA-B15:17,9
31459,TMGPHPAGV,0.0846866,HLA-B15:17,9
31514,TMLVRQMTK,0.0846866,HLA-B15:17,9
31583,TPALAARGF,0.328861,HLA-B15:17,9
31694,TPSGKRLQI,0.0846866,HLA-B15:17,9
31726,TPSVKVCIV,0.0846866,HLA-B15:17,9
31911,TSKLNHHFP,0.0846866,HLA-B15:17,9
32058,TTAEFTVPK,0.0846866,HLA-B15:17,9
32354,TVLEFILQK,0.0846866,HLA-B15:17,9
32526,TYSPALNKM,0.0846866,HLA-B15:17,9
32780,VEIPNRIVF,0.0846866,HLA-B15:17,9
32827,VEMGIKNGP,0.0846866,HLA-B15:17,9
33367,VLLTRSPDQ,0.0846866,HLA-B15:17,9
33429,VLQQIFHSS,0.0846866,HLA-B15:17,9
33463,VLSDLCNFL,0.0846866,HLA-B15:17,9
33759,VPAWLPLGI,0.47645,HLA-B15:17,9
33842,VPPFPRTAF,0.336782,HLA-B15:17,9
33878,VPRENATAF,0.0846866,HLA-B15:17,9
33917,VPRLGDKTF,0.301176,HLA-B15:17,9
34328,VTIPQIGGM,0.667524,HLA-B15:17,9
34373,VTRPLRTMV,0.0846866,HLA-B15:17,9
34632,VYWENEVSI,0.0846866,HLA-B15:17,9
34804,WKAIGAYIL,0.0846866,HLA-B15:17,9
34827,WLKERLPGF,0.0846866,HLA-B15:17,9
34868,WLQKIPLQW,0.0846866,HLA-B15:17,9
34924,WLSVIAFGK,0.0846866,HLA-B15:17,9
34957,WMACHSAAF,0.51554,HLA-B15:17,9
34984,WMIKPLGRW,0.804409,HLA-B15:17,9
35468,YADGGQWYN,0.0846866,HLA-B15:17,9
35493,YADHGANQL,0.272617,HLA-B15:17,9
35557,YALTEYHAM,0.538141,HLA-B15:17,9
35813,YEVPAALIL,0.415647,HLA-B15:17,9
35858,YFKRELKSF,0.222999,HLA-B15:17,9
36142,YITDYSNDI,0.0846866,HLA-B15:17,9
36267,YLDNVGVHI,0.0846866,HLA-B15:17,9
36312,YLEGTRTLL,0.0846866,HLA-B15:17,9
36501,YLPYDIFCR,0.0846866,HLA-B15:17,9
36566,YLRQRQAAL,0.444532,HLA-B15:17,9
36650,YMKFFGNFK,0.0846866,HLA-B15:17,9
36678,YMMDGNECP,0.0846866,HLA-B15:17,9
36778,YNIDRLNAL,0.358678,HLA-B15:17,9
36840,YPAVINSNI,0.0846866,HLA-B15:17,9
37077,YQRALHTSI,0.550126,HLA-B15:17,9
38125,YYLEKANKI,0.0846866,HLA-B15:17,9
38376,AIADLSAKL,0.01,HLA-B15:17,9
39232,EFLVNNIWK,0.01,HLA-B15:17,9
39684,FQGAAVEEG,0.01,HLA-B15:17,9
40166,GTPSPFVRL,0.01,HLA-B15:17,9
40641,INFYKSLTN,0.01,HLA-B15:17,9
559,AFHQLVQVI,0.0846866,HLA-B15:17,9
1059,ALGGSCHTT,0.0846866,HLA-B15:17,9
1254,ALRSRWRAL,0.0846866,HLA-B15:17,9
1422,AMEGGTTKA,0.0846866,HLA-B15:17,9
1597,APIEHIASM,0.0846866,HLA-B15:17,9
1627,APKEFRGAL,0.0846866,HLA-B15:17,9
1683,APPHGGIAF,0.289302,HLA-B15:17,9
1827,AQRWANQIR,0.0846866,HLA-B15:17,9
1881,ARLSSPIVL,0.0846866,HLA-B15:17,9
1997,ASFKAGKLR,0.0846866,HLA-B15:17,9
2130,ASWHDALDL,0.9082,HLA-B15:17,9
2347,ATIEAVLAK,0.333573,HLA-B15:17,9
2461,ATRAVMMGL,0.940678,HLA-B15:17,9
2614,ATYTGVFDK,0.0846866,HLA-B15:17,9
2655,AVAVARVAA,0.0846866,HLA-B15:17,9
2750,AVFPRYHPR,0.0846866,HLA-B15:17,9
2887,AVRLVVGPL,0.422714,HLA-B15:17,9
2907,AVSKNRRQL,0.0846866,HLA-B15:17,9
3582,CSTLPFHTW,0.983149,HLA-B15:17,9
3667,CTWSWHHQL,0.678252,HLA-B15:17,9
3881,DEFLKVPEW,0.0846866,HLA-B15:17,9
3998,DEVVYTHGA,0.0846866,HLA-B15:17,9
4087,DHLKEKSSL,0.0846866,HLA-B15:17,9
4324,DLEKYNLAF,0.0846866,HLA-B15:17,9
5230,EEDAAVDDL,0.0846866,HLA-B15:17,9
5538,EFVSANLAM,0.0846866,HLA-B15:17,9
5668,EIIFYHPTF,0.567863,HLA-B15:17,9
5804,EKLKKKSAF,0.0846866,HLA-B15:17,9
5934,ELIKAMNHF,0.242598,HLA-B15:17,9
5971,ELKRQLADL,0.0846866,HLA-B15:17,9
6049,ELRSRYWAI,0.0846866,HLA-B15:17,9
6245,EPGPSGLLI,0.0846866,HLA-B15:17,9
6567,ETALAIIRR,0.0846866,HLA-B15:17,9
6775,ETRSFTTHF,0.0846866,HLA-B15:17,9
6888,EVIRATYPS,0.0846866,HLA-B15:17,9
7014,EWAENCYNL,0.0846866,HLA-B15:17,9
7234,FEFILRYGD,0.0846866,HLA-B15:17,9
7367,FFSPFFFSL,0.0846866,HLA-B15:17,9
7498,FHAPPPSVC,0.0846866,HLA-B15:17,9
7558,FHRKKTDAL,0.0846866,HLA-B15:17,9
7626,FIIDNFGSV,0.0846866,HLA-B15:17,9
7707,FIRYGDASL,0.686891,HLA-B15:17,9
7805,FKTESGFEW,0.23057,HLA-B15:17,9
8001,FLGSHSEPL,0.0846866,HLA-B15:17,9
8154,FLQDESAYV,0.0846866,HLA-B15:17,9
8180,FLRKNQRAL,0.0846866,HLA-B15:17,9
8544,FPLTQRDVL,0.0846866,HLA-B15:17,9
8584,FPNLQVDPT,0.0846866,HLA-B15:17,9
8939,FQAGMRLYF,0.0846866,HLA-B15:17,9
9083,FRDEAGAIL,0.0846866,HLA-B15:17,9
9192,FSFFMNENF,1.0,HLA-B15:17,9
9658,FYPEKSTVI,0.0846866,HLA-B15:17,9
9900,GEIFGLLGP,0.350685,HLA-B15:17,9
9976,GFAIPIILK,0.0846866,HLA-B15:17,9
10059,GHLAASVTL,0.0846866,HLA-B15:17,9
10088,GHMMVIFRL,0.0846866,HLA-B15:17,9
10133,GIADFIIFK,0.0846866,HLA-B15:17,9
10238,GIVSSMHYK,0.0846866,HLA-B15:17,9
10371,GLKISLCGI,0.0846866,HLA-B15:17,9
10758,GPAFVRTKL,0.0846866,HLA-B15:17,9
10788,GPAGYTAAL,0.0846866,HLA-B15:17,9
10873,GQFNRYAAM,0.229627,HLA-B15:17,9
10985,GRIPVSDIF,0.0846866,HLA-B15:17,9
11080,GSEEIKSLF,0.519155,HLA-B15:17,9
11471,HAPWTQMAM,0.275762,HLA-B15:17,9
11615,HEGDIVPLF,0.402205,HLA-B15:17,9
11673,HFKKRFSTL,0.0846866,HLA-B15:17,9
11829,HKIPDPQGM,0.0846866,HLA-B15:17,9
11892,HLKEKSSLR,0.0846866,HLA-B15:17,9
12139,HQDDGQPRL,0.0846866,HLA-B15:17,9
12155,HQFTSNPEV,0.0846866,HLA-B15:17,9
12442,HYDAPVFPI,0.0846866,HLA-B15:17,9
12504,IAASNLEQF,0.711829,HLA-B15:17,9
12697,IEFIEVVRL,0.0846866,HLA-B15:17,9
12832,IFLKPEETF,0.0846866,HLA-B15:17,9
12928,IGYRLGMGK,0.0846866,HLA-B15:17,9
13459,ILYMLSWGK,0.0846866,HLA-B15:17,9
13544,IMNEGWASF,0.431857,HLA-B15:17,9
13654,IPAPGLGAL,0.0846866,HLA-B15:17,9
13846,IPRLLRTFL,0.0846866,HLA-B15:17,9
13924,IPVSTNGKI,0.0846866,HLA-B15:17,9
14067,IRHVYHNLK,0.0846866,HLA-B15:17,9
14210,ISDPLTSGL,0.761528,HLA-B15:17,9
14260,ISEDMHTDK,0.306873,HLA-B15:17,9
14386,ISRQIHWCW,0.659293,HLA-B15:17,9
14394,ISTLPTEQF,0.827002,HLA-B15:17,9
14449,ITDITSPLW,1.0,HLA-B15:17,9
14479,ITGLPPTEW,0.92302,HLA-B15:17,9
14544,ITLYEYDHF,0.765827,HLA-B15:17,9
14577,ITSQSGQVL,0.898463,HLA-B15:17,9
14648,IVAQGIAAL,0.643178,HLA-B15:17,9
14748,IVRTNRNEL,0.370819,HLA-B15:17,9
14852,IYLPIVHPF,0.0846866,HLA-B15:17,9
14929,KAGVRGWFL,0.285458,HLA-B15:17,9
15206,KELKETLLH,0.0846866,HLA-B15:17,9
15231,KELNIGRTF,0.0846866,HLA-B15:17,9
15513,KIDVVGIEW,0.0846866,HLA-B15:17,9
15666,KKNHWFILK,0.0846866,HLA-B15:17,9
15885,KLQDLTLRC,0.0846866,HLA-B15:17,9
16212,KMKDPKMYH,0.0846866,HLA-B15:17,9
16255,KMYWITRSK,0.0846866,HLA-B15:17,9
16288,KNYPASLHK,0.0846866,HLA-B15:17,9
16318,KPARGGSSI,0.0846866,HLA-B15:17,9
16442,KQNMRIRSK,0.0846866,HLA-B15:17,9
16499,KQWIVAGAI,0.0846866,HLA-B15:17,9
16655,KSAQVPLPL,0.884215,HLA-B15:17,9
16714,KSFGRISVL,1.0,HLA-B15:17,9
16742,KSIPADLVF,0.991191,HLA-B15:17,9
16800,KSRCASPST,0.0846866,HLA-B15:17,9
16835,KSRENSTLI,0.853118,HLA-B15:17,9
16858,KSRQGDTKV,0.479214,HLA-B15:17,9
16887,KSWPGVQSF,1.0,HLA-B15:17,9
16969,KTGGSMLRL,0.835953,HLA-B15:17,9
17113,KTSLSNLLA,0.383935,HLA-B15:17,9
17241,KVGYFQHGA,0.0846866,HLA-B15:17,9
17331,KVRGRLLAL,0.956561,HLA-B15:17,9
17595,KYYTSYTLK,0.0846866,HLA-B15:17,9
17758,LAVMGDAAW,0.695388,HLA-B15:17,9
17765,LAVSAYTPW,0.85125,HLA-B15:17,9
17894,LELAEITAE,0.0846866,HLA-B15:17,9
18322,LLAMTFWPA,0.0846866,HLA-B15:17,9
19145,LPTWLGAAI,0.469509,HLA-B15:17,9
19194,LPVFATIGL,0.0846866,HLA-B15:17,9
19521,LSDAIFDDL,0.0846866,HLA-B15:17,9
19604,LSPDDIEQW,0.38005,HLA-B15:17,9
19664,LSVSSRCPI,0.869592,HLA-B15:17,9
19747,LTFLHTLYK,0.498934,HLA-B15:17,9
19821,LTMNLVSDI,0.898463,HLA-B15:17,9
20016,LVTARQKLK,0.0846866,HLA-B15:17,9
20046,LVTGAGSGF,0.538141,HLA-B15:17,9
20441,MFINDVHAL,0.0846866,HLA-B15:17,9
20501,MGMEQTMSV,0.0846866,HLA-B15:17,9
20548,MHGHGKHIL,0.0846866,HLA-B15:17,9
20575,MHYGYNRAN,0.0846866,HLA-B15:17,9
20604,MHYKLDEVL,0.0846866,HLA-B15:17,9
20919,MMWIPGWFG,0.0846866,HLA-B15:17,9
20944,MPAMVPPYA,0.0846866,HLA-B15:17,9
21169,MSNEGSYFF,0.968902,HLA-B15:17,9
21395,MVINGEQGT,0.0846866,HLA-B15:17,9
21651,NFWLNTLLF,0.27381,HLA-B15:17,9
21688,NHDGIQAGV,0.0846866,HLA-B15:17,9
21706,NHHPRARSM,0.0846866,HLA-B15:17,9
21918,NIYETEFFM,0.0846866,HLA-B15:17,9
22112,NMYSEICYS,0.0846866,HLA-B15:17,9
22246,NQECWDSVF,0.0846866,HLA-B15:17,9
22634,NTWNQITKF,0.599254,HLA-B15:17,9
22800,NYPASLHKF,0.0846866,HLA-B15:17,9
23156,PLYRLSPKK,0.0846866,HLA-B15:17,9
23409,PVTPVIPRV,0.0846866,HLA-B15:17,9
23464,PYDCKELRL,0.0846866,HLA-B15:17,9
23676,QENEIYTYF,0.0846866,HLA-B15:17,9
24346,QVFKGVVIR,0.0846866,HLA-B15:17,9
24611,RAAHRRQSV,0.0846866,HLA-B15:17,9
24825,RARKRGITL,1.0,HLA-B15:17,9
24858,RARKRGITM,0.975751,HLA-B15:17,9
25013,REIGDISYL,0.0846866,HLA-B15:17,9
25069,REMGIVDLL,0.0846866,HLA-B15:17,9
25129,REVFYFGKF,0.0846866,HLA-B15:17,9
25169,REWGWRIPF,0.0846866,HLA-B15:17,9
25301,RGRGVAIHR,0.0846866,HLA-B15:17,9
25386,RIEQLYPFA,0.0846866,HLA-B15:17,9
25474,RIRKDFGKR,0.272882,HLA-B15:17,9
25516,RIYDPLWFQ,0.0846866,HLA-B15:17,9
26072,RPAPATGAL,0.0846866,HLA-B15:17,9
26151,RPMSASRPA,0.0846866,HLA-B15:17,9
26276,RPRCAYLPF,0.511709,HLA-B15:17,9
26291,RPRLHSISF,0.0846866,HLA-B15:17,9
26369,RPRVAQLTF,0.525714,HLA-B15:17,9
26476,RQKLKDAEK,0.0846866,HLA-B15:17,9
26524,RQRHYFDSA,0.0846866,HLA-B15:17,9
26745,RRGKANKPR,0.0846866,HLA-B15:17,9
26855,RRNRKALWL,0.0846866,HLA-B15:17,9
26933,RRSLLAHVR,0.0846866,HLA-B15:17,9
27048,RRYQIAQYK,0.0846866,HLA-B15:17,9
27159,RTAFLRFWL,0.962526,HLA-B15:17,9
27201,RTFGCSWEF,0.808974,HLA-B15:17,9
27253,RTLGSFTWF,1.0,HLA-B15:17,9
27269,RTLHPFGCK,0.0846866,HLA-B15:17,9
27402,RVFGFRTAK,0.457331,HLA-B15:17,9
27556,RVMPVFAFK,0.219246,HLA-B15:17,9
27671,RVRQAWDTL,0.808974,HLA-B15:17,9
27700,RVRRLNWAA,0.0846866,HLA-B15:17,9
28005,SARTNCLAV,0.532508,HLA-B15:17,9
28093,SDDQLRLLK,0.0846866,HLA-B15:17,9
28230,SEFWLNYTA,0.0846866,HLA-B15:17,9
28587,SHAKVLVTF,0.260891,HLA-B15:17,9
28765,SKLRALLTL,0.0846866,HLA-B15:17,9
29139,SMHYKLDEV,0.0846866,HLA-B15:17,9
29191,SMNYPNSYK,0.0846866,HLA-B15:17,9
29297,SPREECGVF,0.0846866,HLA-B15:17,9
29336,SPVIVNGAM,0.0846866,HLA-B15:17,9
29487,SQLVSTAWA,0.0846866,HLA-B15:17,9
29727,SSDDIPPRW,0.0846866,HLA-B15:17,9
29794,SSLLWGFYL,0.770337,HLA-B15:17,9
29828,SSNPVMSRF,0.940678,HLA-B15:17,9
30081,STTSQKTTW,0.991191,HLA-B15:17,9
30363,SYIRYFTVF,0.0846866,HLA-B15:17,9
30431,SYWVRANFK,0.0846866,HLA-B15:17,9
30590,TEANAGQFL,0.0846866,HLA-B15:17,9
30991,TKDETREQL,0.0846866,HLA-B15:17,9
31094,TLKPGTMSV,0.0846866,HLA-B15:17,9
31333,TMNSRYYLV,0.0846866,HLA-B15:17,9
31400,TPALATRGF,0.0846866,HLA-B15:17,9
31589,TPVMSRFAA,0.0846866,HLA-B15:17,9
31730,TSDGFINGW,0.489319,HLA-B15:17,9
31910,TTIFFRADK,0.0846866,HLA-B15:17,9
31970,TTTDISKYF,0.710207,HLA-B15:17,9
32084,TVGYMYIMK,0.0846866,HLA-B15:17,9
32109,TVIPFYFVW,0.822832,HLA-B15:17,9
32214,TVYGLGADV,0.0846866,HLA-B15:17,9
32433,VALSEQGEF,0.656554,HLA-B15:17,9
32545,VEIKTGFKL,0.0846866,HLA-B15:17,9
32634,VFFKQWFEK,0.0846866,HLA-B15:17,9
32788,VHDTNATKL,0.0846866,HLA-B15:17,9
33322,VMGVIGFGF,0.0846866,HLA-B15:17,9
33455,VPAMFTAAL,0.262659,HLA-B15:17,9
33490,VPFVSVNPI,0.0846866,HLA-B15:17,9
33617,VPRDRNGTF,0.0846866,HLA-B15:17,9
33701,VQPWLMVDV,0.0846866,HLA-B15:17,9
33810,VSDTTVLLH,0.257833,HLA-B15:17,9
34215,VVFEDGLPR,0.0846866,HLA-B15:17,9
34405,VVYMDMGVR,0.0846866,HLA-B15:17,9
34592,VYSFDESSF,0.29314,HLA-B15:17,9
34614,WAIQCYTGV,0.0846866,HLA-B15:17,9
34744,WENGFKVVL,0.0846866,HLA-B15:17,9
34782,WESGAVLCV,0.0846866,HLA-B15:17,9
34830,WFREDRSPV,0.0846866,HLA-B15:17,9
34877,WHQARFEEL,0.0846866,HLA-B15:17,9
35124,WQFAIHYSF,0.219034,HLA-B15:17,9
35195,WSIHAHHQW,0.940678,HLA-B15:17,9
35367,WVSRFGERK,0.0846866,HLA-B15:17,9
35681,YERGNIIIF,0.0846866,HLA-B15:17,9
35789,YGPDVEVNV,0.0846866,HLA-B15:17,9
35864,YHRFGLYRL,0.0846866,HLA-B15:17,9
36007,YKEPNSIIL,0.0846866,HLA-B15:17,9
36163,YLHIHPFKI,0.0846866,HLA-B15:17,9
36426,YMKPGSSPL,0.215314,HLA-B15:17,9
36467,YMLMGFQLK,0.0846866,HLA-B15:17,9
36541,YMREVGAAL,0.60183,HLA-B15:17,9
36650,YPACEAIGL,0.0846866,HLA-B15:17,9
36702,YPASLHKFF,0.187729,HLA-B15:17,9
36784,YPITADKRI,0.0846866,HLA-B15:17,9
36874,YPQLSAIAL,0.362585,HLA-B15:17,9
36905,YQAENSTAE,0.0846866,HLA-B15:17,9
37015,YQTYVSPGA,0.0846866,HLA-B15:17,9
37082,YRGEYRQSR,0.0846866,HLA-B15:17,9
37190,YRVRNVQTL,0.0846866,HLA-B15:17,9
37404,YSTVRDLFL,1.0,HLA-B15:17,9
37734,YVPTEFWGF,0.0846866,HLA-B15:17,9
38658,DLDDTLIDG,0.01,HLA-B15:17,9
38877,EDDRNYDTE,0.01,HLA-B15:17,9
39110,EQVTYQEAL,0.01,HLA-B15:17,9
40167,IGKWTAGPR,0.01,HLA-B15:17,9
40488,KELILRDHL,0.01,HLA-B15:17,9
33,AADFPGIAR,0.0846866,HLA-B15:17,9
285,AEHFENQVL,0.0846866,HLA-B15:17,9
318,AEIESATLF,0.0846866,HLA-B15:17,9
343,AEILSGRVI,0.0846866,HLA-B15:17,9
394,AEMVAKYDL,0.0846866,HLA-B15:17,9
503,AETESATLF,0.0846866,HLA-B15:17,9
1492,ANRLTTLQR,0.295737,HLA-B15:17,9
1523,APFARLLNL,0.0846866,HLA-B15:17,9
1560,APLAHRLGM,0.0846866,HLA-B15:17,9
1611,APRELLQYI,0.0846866,HLA-B15:17,9
1647,APRGFRAAF,0.204814,HLA-B15:17,9
1697,APSYRNFSF,0.279079,HLA-B15:17,9
1739,AQIGVIGVF,0.383196,HLA-B15:17,9
1834,ARWLFPVYL,0.0846866,HLA-B15:17,9
2304,AVFDSFVER,0.0846866,HLA-B15:17,9
2404,AVPQVLGGL,0.0846866,HLA-B15:17,9
2446,AVREATAAF,1.0,HLA-B15:17,9
2577,AYDHGNVIL,0.0846866,HLA-B15:17,9
3205,DEEAINLFH,0.0846866,HLA-B15:17,9
3276,DEYGPVFVE,0.0846866,HLA-B15:17,9
3313,DFISMYFPW,0.0846866,HLA-B15:17,9
3379,DHIPIINTL,0.0846866,HLA-B15:17,9
3978,DTVLFNAGL,0.0846866,HLA-B15:17,9
4060,DWMERIEDF,0.0846866,HLA-B15:17,9
4304,EEIRRIWRQ,0.0846866,HLA-B15:17,9
4487,EGFDPRALI,0.0846866,HLA-B15:17,9
4529,EGNLAQGFR,0.0846866,HLA-B15:17,9
5140,EPFSRRHPL,0.454207,HLA-B15:17,9
5207,EQRLIDICV,0.0846866,HLA-B15:17,9
5237,ERAFQNWSV,0.0846866,HLA-B15:17,9
5439,ESWIVDRQW,0.546638,HLA-B15:17,9
5577,EVAESVMFM,0.327585,HLA-B15:17,9
5677,EVIEQWHSL,0.419631,HLA-B15:17,9
5722,EVNAHIHTM,0.0846866,HLA-B15:17,9
5769,EVRKAIEFV,0.0846866,HLA-B15:17,9
5850,EYAPFARLL,0.0846866,HLA-B15:17,9
6049,FEIGNGDAG,0.0846866,HLA-B15:17,9
6088,FELLHFISS,0.0846866,HLA-B15:17,9
6417,FIVEHINAM,0.0846866,HLA-B15:17,9
6604,FLILPQAKK,0.0846866,HLA-B15:17,9
7007,FMVYVPLPA,0.0846866,HLA-B15:17,9
7207,FPRDPVSTF,0.0846866,HLA-B15:17,9
7277,FPSNMMVVT,0.0846866,HLA-B15:17,9
7330,FQEALKKSL,0.0846866,HLA-B15:17,9
7544,FQWHEAMFL,0.0846866,HLA-B15:17,9
7662,FRYKSRCYV,0.0846866,HLA-B15:17,9
7810,FSDVSHWWQ,0.0846866,HLA-B15:17,9
8290,FVKDWMERI,0.0846866,HLA-B15:17,9
8704,GEYAPFARL,0.0846866,HLA-B15:17,9
8751,GEYRSGNNL,0.261971,HLA-B15:17,9
8794,GFPSLESSF,0.0846866,HLA-B15:17,9
9172,GLIQYPTAW,0.0846866,HLA-B15:17,9
9339,GLSFLNPEK,0.0846866,HLA-B15:17,9
9425,GMHDGTVGK,0.0846866,HLA-B15:17,9
9446,GMIPFFDFA,0.0846866,HLA-B15:17,9
9583,GPASLPTAL,0.0846866,HLA-B15:17,9
9902,GRRPLKNRK,0.0846866,HLA-B15:17,9
9940,GRYNLISPK,0.0846866,HLA-B15:17,9
9976,GSRAIWFMW,0.617078,HLA-B15:17,9
10201,GVFPINESF,0.723588,HLA-B15:17,9
10432,HAEIESATL,0.0846866,HLA-B15:17,9
10461,HAETESATL,0.0846866,HLA-B15:17,9
10566,HEVHAVWPG,0.0846866,HLA-B15:17,9
10947,HPLARTAKV,0.0846866,HLA-B15:17,9
10972,HPRARSMSS,0.0846866,HLA-B15:17,9
11152,HSDTHGLYW,0.714737,HLA-B15:17,9
11169,HSGFIYFGK,0.0846866,HLA-B15:17,9
11297,HVTGRWNWW,0.0846866,HLA-B15:17,9
11528,IARLVYKAR,0.0846866,HLA-B15:17,9
11595,ICSAVPSHW,0.442735,HLA-B15:17,9
11651,IEAKINVAD,0.0846866,HLA-B15:17,9
11793,IFLIITKVF,0.0846866,HLA-B15:17,9
11864,IHAEFQASL,0.0846866,HLA-B15:17,9
11915,IHSDQLSKF,0.0846866,HLA-B15:17,9
12015,IIGLLKIFR,0.0846866,HLA-B15:17,9
12215,IKWLWKANK,0.0846866,HLA-B15:17,9
12369,ILGVFRRPF,0.288636,HLA-B15:17,9
12729,IPAHPLRML,0.0846866,HLA-B15:17,9
12765,IPFSEGKAL,0.0846866,HLA-B15:17,9
12988,IQIQATETA,0.0846866,HLA-B15:17,9
13024,IQKNPDGSW,0.415697,HLA-B15:17,9
13041,IQNALEKAL,0.0846866,HLA-B15:17,9
13128,IRFKDDSSF,0.0846866,HLA-B15:17,9
13562,ISYGGGWRL,1.0,HLA-B15:17,9
13614,ITASKDLCF,0.904839,HLA-B15:17,9
13687,ITIPIGLYL,0.945675,HLA-B15:17,9
13763,ITMYVAFEQ,0.0846866,HLA-B15:17,9
13885,ITTQWHLDM,0.835953,HLA-B15:17,9
13965,IVKQGRDAL,0.0846866,HLA-B15:17,9
14095,IYCGFKFAW,0.445788,HLA-B15:17,9
14374,KEAVNHFHL,0.0846866,HLA-B15:17,9
14425,KEKDMTKEF,0.0846866,HLA-B15:17,9
14511,KFFMVHSLK,0.0846866,HLA-B15:17,9
14554,KFKRKLMYV,0.0846866,HLA-B15:17,9
14671,KIGEVIGPK,0.0846866,HLA-B15:17,9
14973,KLINTLFHA,0.0846866,HLA-B15:17,9
15051,KLMALELFK,0.0846866,HLA-B15:17,9
15120,KLQPSDTLL,0.0846866,HLA-B15:17,9
15374,KPGPAKFSL,0.0846866,HLA-B15:17,9
15407,KPKVASEAF,0.0846866,HLA-B15:17,9
15454,KPTFKHASV,0.0846866,HLA-B15:17,9
15546,KQLDIQYLK,0.0846866,HLA-B15:17,9
15569,KQMSQPYAV,0.0846866,HLA-B15:17,9
15704,KRFNITVSK,0.0846866,HLA-B15:17,9
15734,KRFYQTVGF,0.0846866,HLA-B15:17,9
15770,KRIRLKHIF,0.0846866,HLA-B15:17,9
15806,KRLLLKLDF,0.0846866,HLA-B15:17,9
15948,KSAHGSPTF,0.853118,HLA-B15:17,9
15959,KSAQFPFHF,0.983149,HLA-B15:17,9
15981,KSFKLLCKL,0.898463,HLA-B15:17,9
16123,KSYQIDLDF,0.9082,HLA-B15:17,9
16238,KTNDRKWCF,0.696767,HLA-B15:17,9
16330,KTTIKFHPW,0.692689,HLA-B15:17,9
16532,KVMDFGIAR,0.0846866,HLA-B15:17,9
16617,KYFDDVTAF,0.226157,HLA-B15:17,9
16693,LADKRPTAW,0.240442,HLA-B15:17,9
16778,LANPTADDF,0.0846866,HLA-B15:17,9
16820,LASSSYEQF,0.71516,HLA-B15:17,9
17061,LELIGNAES,0.0846866,HLA-B15:17,9
17140,LEYGANYFL,0.0846866,HLA-B15:17,9
17191,LFFPFGLFK,0.0846866,HLA-B15:17,9
18050,LLRRRPYPL,0.0846866,HLA-B15:17,9
18246,LMQCWQLLA,0.0846866,HLA-B15:17,9
18770,LQPSDTLLF,0.0846866,HLA-B15:17,9
18879,LRWASGVSE,0.0846866,HLA-B15:17,9
18952,LSEEANWAF,0.709407,HLA-B15:17,9
18989,LSHCWPWFK,0.0846866,HLA-B15:17,9
19095,LSSLVSKHW,1.0,HLA-B15:17,9
19672,LYDYKENRF,0.0846866,HLA-B15:17,9
19710,LYKTIVNIW,0.0846866,HLA-B15:17,9
19797,LYVAGVPEL,0.0846866,HLA-B15:17,9
19832,MALATGLWW,1.0,HLA-B15:17,9
19863,MAMPEYWQF,0.799002,HLA-B15:17,9
19955,MEDCPNEGV,0.0846866,HLA-B15:17,9
19983,MEFNSLLAI,0.0846866,HLA-B15:17,9
20009,MEFWLVAAL,0.0846866,HLA-B15:17,9
20103,MFWKLPPWL,0.0846866,HLA-B15:17,9
20126,MGKTITDVK,0.0846866,HLA-B15:17,9
20353,MLLGELLTF,0.770337,HLA-B15:17,9
20556,MPAYIRNTL,0.0846866,HLA-B15:17,9
20655,MQDVFTFYV,0.0846866,HLA-B15:17,9
20720,MQYEVTQHA,0.0846866,HLA-B15:17,9
21176,MYPFIFFIV,0.0846866,HLA-B15:17,9
21286,NAMGADYYA,0.0846866,HLA-B15:17,9
21369,NELGYSGYF,0.0846866,HLA-B15:17,9
21823,NMAPEKVDF,0.0846866,HLA-B15:17,9
21936,NPAACSYMV,0.0846866,HLA-B15:17,9
21973,NPANKEESI,0.0846866,HLA-B15:17,9
22020,NPKLRNCRI,0.251454,HLA-B15:17,9
22479,NVMDPMHGA,0.0846866,HLA-B15:17,9
23011,PSDFFYLLF,0.0846866,HLA-B15:17,9
23240,QAFEAGIDF,0.0846866,HLA-B15:17,9
23692,QLKQRDALF,0.613199,HLA-B15:17,9
23846,QPKKAAAAL,0.0846866,HLA-B15:17,9
23929,QPWTPVSSF,0.272578,HLA-B15:17,9
24157,QTSSIEGAW,0.199414,HLA-B15:17,9
24294,QYLFSLTYV,0.0846866,HLA-B15:17,9
24423,RANNNRLPK,0.0846866,HLA-B15:17,9
24484,RAYWIHLMM,0.927128,HLA-B15:17,9
24569,RDRFKRTSF,0.0846866,HLA-B15:17,9
24686,RENQVAVVR,0.0846866,HLA-B15:17,9
24797,RFNAIWFNH,0.0846866,HLA-B15:17,9
24840,RGKLKRRAI,0.0846866,HLA-B15:17,9
24898,RHDITGFIL,0.0846866,HLA-B15:17,9
24966,RIKTRLFTI,0.0846866,HLA-B15:17,9
25073,RKLGWWLKL,0.0846866,HLA-B15:17,9
25104,RKRLMSMVK,0.0846866,HLA-B15:17,9
25178,RLAPEPVYT,0.0846866,HLA-B15:17,9
25202,RLASTVIYR,0.0846866,HLA-B15:17,9
25676,RPAIVVPAF,0.229634,HLA-B15:17,9
25898,RPPMVTSGL,0.0846866,HLA-B15:17,9
25923,RPQLWRYRW,0.0846866,HLA-B15:17,9
26237,RQHGFTPSK,0.0846866,HLA-B15:17,9
26305,RQNAAIEAL,0.0846866,HLA-B15:17,9
26385,RRATAILRK,0.0846866,HLA-B15:17,9
26512,RRMATTFTF,0.217559,HLA-B15:17,9
26817,RRYTRRISL,0.339573,HLA-B15:17,9
26974,RSYMSFWCK,0.334306,HLA-B15:17,9
26991,RTADIGACM,1.0,HLA-B15:17,9
27012,RTEILGLVK,0.0846866,HLA-B15:17,9
27099,RTMGWTEYQ,0.0846866,HLA-B15:17,9
27118,RTMPLSRFT,0.0846866,HLA-B15:17,9
27296,RVEESRARL,0.72594,HLA-B15:17,9
27481,RVRPKKEVL,0.0846866,HLA-B15:17,9
27551,RVVDLYIGR,0.0846866,HLA-B15:17,9
27651,RVYKNYDPR,0.0846866,HLA-B15:17,9
27762,RYMSKTYNF,0.0846866,HLA-B15:17,9
27881,RYTRRISLF,0.487208,HLA-B15:17,9
28280,SEINNLNLT,0.0846866,HLA-B15:17,9
28579,SHDLAPQFL,0.0846866,HLA-B15:17,9
28661,SHYSHNPKL,0.376127,HLA-B15:17,9
28734,SIKFKRKLM,0.0846866,HLA-B15:17,9
28911,SLASIGTSF,0.582888,HLA-B15:17,9
29077,SLLFREVWK,0.0846866,HLA-B15:17,9
29155,SLMSRVVYK,0.0846866,HLA-B15:17,9
29405,SLYKYLLLR,0.0846866,HLA-B15:17,9
29483,SLYPPCLFK,0.0846866,HLA-B15:17,9
29725,SPGDNSAKF,0.0846866,HLA-B15:17,9
29971,SQMPPQKIM,0.0846866,HLA-B15:17,9
30022,SQVRVPTVF,0.0846866,HLA-B15:17,9
30038,SQYDPKELL,0.0846866,HLA-B15:17,9
30113,SRARIKTRL,0.0846866,HLA-B15:17,9
30465,SSNAKNSEW,0.9082,HLA-B15:17,9
30661,STSRSYMSF,0.87908,HLA-B15:17,9
31026,SYMLQGLRK,0.0846866,HLA-B15:17,9
31428,TGIAIIAYI,0.0846866,HLA-B15:17,9
31598,TLASIGTAF,0.0846866,HLA-B15:17,9
31744,TLYCVHQEI,0.304157,HLA-B15:17,9
31850,TMMRHRREL,0.0846866,HLA-B15:17,9
32084,TPRIANRLL,0.0846866,HLA-B15:17,9
32284,TRAPAPFPL,0.0846866,HLA-B15:17,9
32340,TSACGIFLK,0.0846866,HLA-B15:17,9
32626,TTLLSYGRL,0.786268,HLA-B15:17,9
32783,TVIRFWHAM,0.474956,HLA-B15:17,9
32816,TVLDHILQK,0.0846866,HLA-B15:17,9
33021,VAAKGAPAL,0.818842,HLA-B15:17,9
33200,VELQIGWTV,0.0846866,HLA-B15:17,9
33277,VFMDNAFKK,0.0846866,HLA-B15:17,9
33314,VFSPFGYSF,0.261974,HLA-B15:17,9
33541,VIANSTNAT,0.0846866,HLA-B15:17,9
33561,VIARTHTAL,0.0846866,HLA-B15:17,9
33651,VIMWYNYLF,0.0846866,HLA-B15:17,9
34024,VLWKSYPLV,0.0846866,HLA-B15:17,9
34049,VLYCVHQEI,0.460027,HLA-B15:17,9
34065,VLYCVHQHI,0.325892,HLA-B15:17,9
34085,VLYHRYNLV,0.0846866,HLA-B15:17,9
34239,VPADHRLAF,0.0846866,HLA-B15:17,9
34620,VSIRGSHHK,0.0846866,HLA-B15:17,9
35369,WEITYLGTT,0.0846866,HLA-B15:17,9
35403,WFGHLASDW,0.0846866,HLA-B15:17,9
35424,WFLYVSQQI,0.0846866,HLA-B15:17,9
35444,WFQRIPLQW,0.0846866,HLA-B15:17,9
35551,WLGWGHAWV,0.0846866,HLA-B15:17,9
35730,WPEIVGAIV,0.353386,HLA-B15:17,9
35760,WPRHRRLSI,0.0846866,HLA-B15:17,9
35799,WQDGGWQSV,0.0846866,HLA-B15:17,9
35936,WSILRQRCW,0.847625,HLA-B15:17,9
36200,YAYEPGSVM,0.983149,HLA-B15:17,9
36245,YEDQLHRAS,0.0846866,HLA-B15:17,9
36282,YELDLWGKI,0.0846866,HLA-B15:17,9
36336,YEQYECLTD,0.0846866,HLA-B15:17,9
36542,YHRPLTGYM,0.0846866,HLA-B15:17,9
36572,YHSQGSWYK,0.0846866,HLA-B15:17,9
36889,YLKKGRLSL,0.0846866,HLA-B15:17,9
37069,YLQAKSQVL,0.0846866,HLA-B15:17,9
37300,YMGLVKKAK,0.0846866,HLA-B15:17,9
37395,YMLSWGKEA,0.0846866,HLA-B15:17,9
37477,YPARVKCAL,0.0846866,HLA-B15:17,9
37741,YQVLVMVPK,0.0846866,HLA-B15:17,9
37870,YRRKLTNPA,0.0846866,HLA-B15:17,9
37928,YRYGFVANF,0.0846866,HLA-B15:17,9
38009,YSHYSHNPK,0.0846866,HLA-B15:17,9
38063,YSLAGSSPF,1.0,HLA-B15:17,9
38073,YSLGQGPVW,1.0,HLA-B15:17,9
38081,YSPALNKMF,0.462226,HLA-B15:17,9
38179,YTGLKALVL,0.956561,HLA-B15:17,9
38198,YTGPDHQEW,0.77347,HLA-B15:17,9
38601,YVVSRRGDL,0.0846866,HLA-B15:17,9
38661,YYKDDISYF,0.0846866,HLA-B15:17,9
38803,ADRLALPLM,0.01,HLA-B15:17,9
39400,DEEAPATTA,0.01,HLA-B15:17,9
40205,FLQILITSI,0.01,HLA-B15:17,9
