,Peptide,Eluted Ligand,MHC Molecule,Peptide Length
988,RRSPFLQVF,1,HLA-C07:01,9
2243,KTKSMFFFL,1,HLA-C07:01,9
3143,SRNAYMLVY,1,HLA-C07:01,9
3347,GRIVAFFEF,1,HLA-C07:01,9
7432,LRDEYIKRL,1,HLA-C07:01,9
7545,KTKTVTLEY,1,HLA-C07:01,9
8452,VTDPRVVDL,1,HLA-C07:01,9
9462,SRNSSMLTL,1,HLA-C07:01,9
10949,RRAPAGGSL,1,HLA-C07:01,9
11500,RRLENIRFL,1,HLA-C07:01,9
13176,MYGFVNHAL,1,HLA-C07:01,9
17162,LRSGVIVRL,1,HLA-C07:01,9
17588,KRAEKERIM,1,HLA-C07:01,9
22566,KRHKVIGTF,1,HLA-C07:01,9
26118,IRGPTQHEL,1,HLA-C07:01,9
27114,QRNEVVVEL,1,HLA-C07:01,9
30431,RRAAMERQL,1,HLA-C07:01,9
32583,RRMGQPKRL,1,HLA-C07:01,9
32819,RRGPLTWYL,1,HLA-C07:01,9
34911,RNLDKAFSY,1,HLA-C07:01,9
39090,YRGQPGNAY,1,HLA-C07:01,9
39735,SRVKLILEY,1,HLA-C07:01,9
42603,KRSGAIQVL,1,HLA-C07:01,9
43301,RRFKWAIEL,1,HLA-C07:01,9
50858,IRSSYIRVL,1,HLA-C07:01,9
50896,MRYVASYLL,1,HLA-C07:01,9
56841,RRHNAEKLL,1,HLA-C07:01,9
58883,KRPVAVYNL,1,HLA-C07:01,9
58888,TRWPGFYIL,1,HLA-C07:01,9
63281,SAIDRIFTL,1,HLA-C07:01,9
66096,SRSVIIREL,1,HLA-C07:01,9
67657,TRVDTILEF,1,HLA-C07:01,9
68040,QRGDLIRIL,1,HLA-C07:01,9
69194,IRKPYIWEY,1,HLA-C07:01,9
70489,KRIDIIHNL,1,HLA-C07:01,9
70621,FRPLYTHEY,1,HLA-C07:01,9
72814,RRHEVARLL,1,HLA-C07:01,9
72978,RNYFKKEEL,1,HLA-C07:01,9
74090,RTADFVFMF,1,HLA-C07:01,9
74293,HRGLFIQQL,1,HLA-C07:01,9
77570,SRFEKEFSF,1,HLA-C07:01,9
78190,RRWDDDVVF,1,HLA-C07:01,9
79350,ITNKYQLVF,1,HLA-C07:01,9
83421,ARNTVTQVL,1,HLA-C07:01,9
85773,IRASVGAGF,1,HLA-C07:01,9
89252,SRNGKSYTF,1,HLA-C07:01,9
89425,KNSYHPVSL,1,HLA-C07:01,9
90111,KNLAFYWIL,1,HLA-C07:01,9
95287,RRGDIIEVL,1,HLA-C07:01,9
96468,RRKHQITYL,1,HLA-C07:01,9
100413,RRDDMLRMY,1,HLA-C07:01,9
100595,LRNKVIIEY,1,HLA-C07:01,9
100703,GRNPFVHEL,1,HLA-C07:01,9
101497,ARNPSTVCL,1,HLA-C07:01,9
101595,RRNPEPLRF,1,HLA-C07:01,9
102066,TRVYLILEY,1,HLA-C07:01,9
102330,VTIPIHFIY,1,HLA-C07:01,9
104268,SRMPGELVL,1,HLA-C07:01,9
105820,ARAPVHSSM,1,HLA-C07:01,9
108244,IRGNVGFVF,1,HLA-C07:01,9
109173,KRGDLIIEF,1,HLA-C07:01,9
112003,VRPSYWLVL,1,HLA-C07:01,9
112190,KRASVFVKL,1,HLA-C07:01,9
114827,SRGDVKVIM,1,HLA-C07:01,9
116212,KRASYILRL,1,HLA-C07:01,9
117179,SRADLIKQY,1,HLA-C07:01,9
119237,RRAPHLHTL,1,HLA-C07:01,9
127211,RTFWHKISY,1,HLA-C07:01,9
132028,KRYDREFLL,1,HLA-C07:01,9
1512417,AAKKKTWGF,0,HLA-C07:01,9
1512420,AAPAGPLTG,0,HLA-C07:01,9
1512421,AAPAPPRGV,0,HLA-C07:01,9
1512422,AAPRGIEPV,0,HLA-C07:01,9
1512426,ADAKRYETV,0,HLA-C07:01,9
1512427,ADATVPLDE,0,HLA-C07:01,9
1512428,ADHGESINE,0,HLA-C07:01,9
1512429,AEEGPAAYW,0,HLA-C07:01,9
1512430,AEGRAGVAD,0,HLA-C07:01,9
1512436,AENGALLTE,0,HLA-C07:01,9
1512444,AFHFIFPFI,0,HLA-C07:01,9
1512445,AFIPRFTSY,0,HLA-C07:01,9
1512452,AGNKEDIVG,0,HLA-C07:01,9
1512455,AGVCTGNPD,0,HLA-C07:01,9
1512458,AIAPAVGRR,0,HLA-C07:01,9
1512459,AIEQAIKNV,0,HLA-C07:01,9
1512474,ALMQLAVAH,0,HLA-C07:01,9
1512476,ALPFACYIC,0,HLA-C07:01,9
1512478,ALTAPEEEE,0,HLA-C07:01,9
1512481,AMEGVQFKQ,0,HLA-C07:01,9
1512482,AMHYTADTT,0,HLA-C07:01,9
1512491,ANYTCVASN,0,HLA-C07:01,9
1512497,AQHKEELKN,0,HLA-C07:01,9
1512506,ARENLVKFL,0,HLA-C07:01,9
1512508,ARNGQEAIE,0,HLA-C07:01,9
1512515,ATASRLVVG,0,HLA-C07:01,9
1512520,ATSVDLTGA,0,HLA-C07:01,9
1512521,ATYESDSDD,0,HLA-C07:01,9
1512523,AVKELEVAY,0,HLA-C07:01,9
1512529,AVYVRRLAH,0,HLA-C07:01,9
1512530,AYENVAQAA,0,HLA-C07:01,9
1512532,AYYSHVNMV,0,HLA-C07:01,9
1512537,CGWFDAVVV,0,HLA-C07:01,9
1512544,CRTSSQSVQ,0,HLA-C07:01,9
1512546,CSYKSSKIF,0,HLA-C07:01,9
1512555,DALWPPPDR,0,HLA-C07:01,9
1512556,DAQVVYNTL,0,HLA-C07:01,9
1512562,DDEPTAVKS,0,HLA-C07:01,9
1512570,DEHTGRTMQ,0,HLA-C07:01,9
1512571,DEILNDSWL,0,HLA-C07:01,9
1512573,DERIFALAE,0,HLA-C07:01,9
1512575,DFIFKHPKS,0,HLA-C07:01,9
1512577,DFSQQIMTQ,0,HLA-C07:01,9
1512578,DGCFPEKNK,0,HLA-C07:01,9
1512590,DKLPDPKIP,0,HLA-C07:01,9
1512592,DLAAAESAG,0,HLA-C07:01,9
1512600,DLSGPKAEV,0,HLA-C07:01,9
1512608,DNFKEDIEA,0,HLA-C07:01,9
1512614,DPFEAFKDS,0,HLA-C07:01,9
1512618,DQIKYANDN,0,HLA-C07:01,9
1512623,DRNLDTILK,0,HLA-C07:01,9
1512624,DSFYDFARG,0,HLA-C07:01,9
1512627,DSISKCSSS,0,HLA-C07:01,9
1512630,DTEAYHMWH,0,HLA-C07:01,9
1512637,DVIYRDLAG,0,HLA-C07:01,9
1512639,DWKAEFYRL,0,HLA-C07:01,9
1512641,DYYYYEDLN,0,HLA-C07:01,9
1512642,EADRIRADL,0,HLA-C07:01,9
1512649,EDFSIIPFE,0,HLA-C07:01,9
1512655,EELQDLAAV,0,HLA-C07:01,9
1512668,EHRIDHTLV,0,HLA-C07:01,9
1512670,EIDSMFVDF,0,HLA-C07:01,9
1512671,EIFSNYIKN,0,HLA-C07:01,9
1512672,EIIADAAKR,0,HLA-C07:01,9
1512676,EIVSKPDMR,0,HLA-C07:01,9
1512678,EKPYECKKC,0,HLA-C07:01,9
1512680,ELEEEGIKG,0,HLA-C07:01,9
1512682,ELKAGLRDF,0,HLA-C07:01,9
1512683,ELKSIGGDR,0,HLA-C07:01,9
1512690,ENRSKENIK,0,HLA-C07:01,9
1512692,ENYRNLVFL,0,HLA-C07:01,9
1512697,EQPLPGYKK,0,HLA-C07:01,9
1512700,ERLLAALRN,0,HLA-C07:01,9
1512706,ESYAKVEIN,0,HLA-C07:01,9
1512709,ETENKQFTE,0,HLA-C07:01,9
1512711,EVKIFLDAS,0,HLA-C07:01,9
1512714,EVYVLKKEE,0,HLA-C07:01,9
1512716,FADALGYGN,0,HLA-C07:01,9
1512719,FAVHPVSMN,0,HLA-C07:01,9
1512720,FCRWAIEQG,0,HLA-C07:01,9
1512726,FEPAAEGIE,0,HLA-C07:01,9
1512733,FHFLMLAMY,0,HLA-C07:01,9
1512739,FLAKVFNSS,0,HLA-C07:01,9
1512740,FLITGDEEG,0,HLA-C07:01,9
1512741,FLLNGQIIN,0,HLA-C07:01,9
1512753,FSKSLRFFL,0,HLA-C07:01,9
1512756,FSNPHERLS,0,HLA-C07:01,9
1512764,FVGLVLLTL,0,HLA-C07:01,9
1512767,FVQERRLTS,0,HLA-C07:01,9
1512772,GAALTVTTH,0,HLA-C07:01,9
1512780,GAVLIGLKM,0,HLA-C07:01,9
1512787,GEIKSYTEM,0,HLA-C07:01,9
1512789,GETELEEDV,0,HLA-C07:01,9
1512790,GEVQKKLDV,0,HLA-C07:01,9
1512802,GGSLDNAIV,0,HLA-C07:01,9
1512803,GGVFMKLDA,0,HLA-C07:01,9
1512810,GIKKVKIRS,0,HLA-C07:01,9
1512811,GIKPSPTPA,0,HLA-C07:01,9
1512815,GKQWPIYQV,0,HLA-C07:01,9
1512818,GKWDGLEPN,0,HLA-C07:01,9
1512830,GPPPPGMMP,0,HLA-C07:01,9
1512836,GRGTDTEDA,0,HLA-C07:01,9
1512840,GSIDKFLST,0,HLA-C07:01,9
1512841,GSISAGASG,0,HLA-C07:01,9
1512842,GSKINTGVG,0,HLA-C07:01,9
1512847,GVDVKYRTG,0,HLA-C07:01,9
1512849,GVEPERIKE,0,HLA-C07:01,9
1512850,GVGELPLAN,0,HLA-C07:01,9
1512852,GVKGEKGDT,0,HLA-C07:01,9
1512860,GYPRGRIIE,0,HLA-C07:01,9
1512862,HALFWPAML,0,HLA-C07:01,9
1512865,HDPYRFLDK,0,HLA-C07:01,9
1512869,HGALFEVEF,0,HLA-C07:01,9
1512875,HLIAFVDHE,0,HLA-C07:01,9
1512877,HLVITCHDM,0,HLA-C07:01,9
1512880,HPDVDGLCK,0,HLA-C07:01,9
1512882,HQAENVVAA,0,HLA-C07:01,9
1512884,HQLHVHIYD,0,HLA-C07:01,9
1512888,HRAGRLARP,0,HLA-C07:01,9
1512890,HTGERPYTC,0,HLA-C07:01,9
1512891,HTVKRLSQL,0,HLA-C07:01,9
1512892,HVCEYESIL,0,HLA-C07:01,9
1512902,ICAVGYDEF,0,HLA-C07:01,9
1512903,IDAVAYTAG,0,HLA-C07:01,9
1512909,IDPRTRALE,0,HLA-C07:01,9
1512910,IDRILREIR,0,HLA-C07:01,9
1512915,IEIKKFLDA,0,HLA-C07:01,9
1512923,IGTRVQYAE,0,HLA-C07:01,9
1512930,IKNCAEFGV,0,HLA-C07:01,9
1512934,IKTSLGEPF,0,HLA-C07:01,9
1512940,IMRGSGTQL,0,HLA-C07:01,9
1512943,INCTVGVVR,0,HLA-C07:01,9
1512949,IPESYGDIQ,0,HLA-C07:01,9
1512951,IPLRIDQPT,0,HLA-C07:01,9
1512953,IPRMETELI,0,HLA-C07:01,9
1512959,IRGLNEKGE,0,HLA-C07:01,9
1512970,ITSAALKWV,0,HLA-C07:01,9
1512973,IVVKADGLA,0,HLA-C07:01,9
1512974,IWALELKAP,0,HLA-C07:01,9
1512979,KAGAHNPIV,0,HLA-C07:01,9
1512988,KEDEPIYST,0,HLA-C07:01,9
1512990,KEKSFLSGV,0,HLA-C07:01,9
1512992,KERFGDDRQ,0,HLA-C07:01,9
1512999,KGLLQELKH,0,HLA-C07:01,9
1513003,KGVLKAVEN,0,HLA-C07:01,9
1513010,KISILEKPF,0,HLA-C07:01,9
1513013,KKLQSIGII,0,HLA-C07:01,9
1513014,KKYKDKAKA,0,HLA-C07:01,9
1513018,KLSPAPSHQ,0,HLA-C07:01,9
1513019,KMDKSQIHD,0,HLA-C07:01,9
1513020,KMVESDIRS,0,HLA-C07:01,9
1513028,KPYNGFSLD,0,HLA-C07:01,9
1513029,KQKLRFNYG,0,HLA-C07:01,9
1513030,KRKCLAVSS,0,HLA-C07:01,9
1513032,KRLKTCFED,0,HLA-C07:01,9
1513036,KRVFLQHVS,0,HLA-C07:01,9
1513041,KTIAEIRCF,0,HLA-C07:01,9
1513043,KTRFRMENR,0,HLA-C07:01,9
1513048,KYEVKVSAI,0,HLA-C07:01,9
1513049,KYQGYIDRQ,0,HLA-C07:01,9
1513054,LALRCSSLL,0,HLA-C07:01,9
1513055,LANEEGTTL,0,HLA-C07:01,9
1513058,LARGDDPDA,0,HLA-C07:01,9
1513062,LAVKCLGPL,0,HLA-C07:01,9
1513067,LDPVYQGID,0,HLA-C07:01,9
1513071,LEAARALLR,0,HLA-C07:01,9
1513072,LEASQKESR,0,HLA-C07:01,9
1513075,LFDSHPTER,0,HLA-C07:01,9
1513076,LFHHYVGGP,0,HLA-C07:01,9
1513079,LGAAPAMTD,0,HLA-C07:01,9
1513082,LGIELQFVN,0,HLA-C07:01,9
1513086,LGRNGYGKR,0,HLA-C07:01,9
1513091,LHLLAVFAG,0,HLA-C07:01,9
1513092,LICWVPYAY,0,HLA-C07:01,9
1513094,LILLMFPNA,0,HLA-C07:01,9
1513099,LIVKTDVQG,0,HLA-C07:01,9
1513101,LKDEKKLLP,0,HLA-C07:01,9
1513102,LKKSIKIIF,0,HLA-C07:01,9
1513104,LKSLFNTVC,0,HLA-C07:01,9
1513105,LKVFVQPMK,0,HLA-C07:01,9
1513106,LLALELFNA,0,HLA-C07:01,9
1513112,LLGAIIIHE,0,HLA-C07:01,9
1513113,LLGRGGDLR,0,HLA-C07:01,9
1513115,LLKMICQQV,0,HLA-C07:01,9
1513116,LLNSIIEHL,0,HLA-C07:01,9
1513117,LLPHVALEL,0,HLA-C07:01,9
1513121,LLSSSASTG,0,HLA-C07:01,9
1513125,LLVVATIPA,0,HLA-C07:01,9
1513127,LMLIPKDPD,0,HLA-C07:01,9
1513128,LMQQTEQMA,0,HLA-C07:01,9
1513135,LPSSLLILE,0,HLA-C07:01,9
1513144,LSAIPYIGT,0,HLA-C07:01,9
1513149,LSGRSLGLR,0,HLA-C07:01,9
1513153,LSSSGLFDN,0,HLA-C07:01,9
1513154,LTGACIVAL,0,HLA-C07:01,9
1513156,LTHSRDTEE,0,HLA-C07:01,9
1513165,LVEGATVVG,0,HLA-C07:01,9
1513168,LVKEIKDST,0,HLA-C07:01,9
1513174,LVTTLTLTI,0,HLA-C07:01,9
1513175,LVVFRGGEG,0,HLA-C07:01,9
1513177,LYGEMKEFF,0,HLA-C07:01,9
1513187,MESDGSYTA,0,HLA-C07:01,9
1513191,MIAPKGPGH,0,HLA-C07:01,9
1513193,MKAFLEAGE,0,HLA-C07:01,9
1513196,MLMEEGLDT,0,HLA-C07:01,9
1513200,MMNIINGGS,0,HLA-C07:01,9
1513205,MSFWGATVI,0,HLA-C07:01,9
1513208,MVICYHGIS,0,HLA-C07:01,9
1513209,MVQLDGGRF,0,HLA-C07:01,9
1513215,NDFIERFQK,0,HLA-C07:01,9
1513226,NFNTLFATT,0,HLA-C07:01,9
1513228,NGAGKSTLM,0,HLA-C07:01,9
1513233,NIHAGLGKV,0,HLA-C07:01,9
1513234,NIHIIDLAQ,0,HLA-C07:01,9
1513238,NISQSDVNC,0,HLA-C07:01,9
1513241,NLPRISTEA,0,HLA-C07:01,9
1513256,NTVVLCCWR,0,HLA-C07:01,9
1513261,PAETLADDV,0,HLA-C07:01,9
1513262,PAILAVFRA,0,HLA-C07:01,9
1513263,PASERIKEP,0,HLA-C07:01,9
1513268,PDSLSEYQF,0,HLA-C07:01,9
1513271,PEGFVTVAK,0,HLA-C07:01,9
1513272,PEHLRAKSC,0,HLA-C07:01,9
1513273,PEMMQRTAR,0,HLA-C07:01,9
1513278,PEVKLGDYK,0,HLA-C07:01,9
1513280,PFSGLYLMF,0,HLA-C07:01,9
1513283,PGHYKATDL,0,HLA-C07:01,9
1513285,PGMTNVLRI,0,HLA-C07:01,9
1513286,PGQHGHQPH,0,HLA-C07:01,9
1513290,PKGKHVVVN,0,HLA-C07:01,9
1513297,PLIEETRSS,0,HLA-C07:01,9
1513299,PLPRSYYSP,0,HLA-C07:01,9
1513311,PRVTERFEL,0,HLA-C07:01,9
1513315,PSLHLPPGS,0,HLA-C07:01,9
1513318,PSVLCSHFN,0,HLA-C07:01,9
1513322,PTIIATGPL,0,HLA-C07:01,9
1513323,PTRELALHV,0,HLA-C07:01,9
1513326,PWFILTLGF,0,HLA-C07:01,9
1513328,PYCNRYDYT,0,HLA-C07:01,9
1513332,QAKKDLVEE,0,HLA-C07:01,9
1513333,QAVAGYGRA,0,HLA-C07:01,9
1513342,QGGQIEEVI,0,HLA-C07:01,9
1513343,QGLFLGNSP,0,HLA-C07:01,9
1513344,QGWLAVCPD,0,HLA-C07:01,9
1513346,QHCKTLMQN,0,HLA-C07:01,9
1513349,QKALMGASI,0,HLA-C07:01,9
1513355,QLLCFYYDQ,0,HLA-C07:01,9
1513356,QLPLINPVM,0,HLA-C07:01,9
1513359,QNPSEFAQS,0,HLA-C07:01,9
1513366,QQQFQMSLL,0,HLA-C07:01,9
1513367,QQQPPPQQQ,0,HLA-C07:01,9
1513370,QRKATFLRT,0,HLA-C07:01,9
1513372,QSQSADLDD,0,HLA-C07:01,9
1513373,QSRDEQNLL,0,HLA-C07:01,9
1513375,QTLWELLSH,0,HLA-C07:01,9
1513376,QTSGFFDKM,0,HLA-C07:01,9
1513378,QVDINEVGL,0,HLA-C07:01,9
1513380,QVHFLDPHC,0,HLA-C07:01,9
1513384,QVVVETAAN,0,HLA-C07:01,9
1513385,QYIPTLFQG,0,HLA-C07:01,9
1513386,QYYNNRFNN,0,HLA-C07:01,9
1513387,RAEAAELEV,0,HLA-C07:01,9
1513398,RERWGFSAW,0,HLA-C07:01,9
1513401,RHEVTPKNI,0,HLA-C07:01,9
1513408,RKDLLKANV,0,HLA-C07:01,9
1513420,RPVNTVFQS,0,HLA-C07:01,9
1513421,RPVYGLFRV,0,HLA-C07:01,9
1513422,RQARIMEQF,0,HLA-C07:01,9
1513423,RQKLQELEQ,0,HLA-C07:01,9
1513425,RQMEMDYEK,0,HLA-C07:01,9
1513429,RRRLKTTRL,0,HLA-C07:01,9
1513437,RTAGNMFIV,0,HLA-C07:01,9
1513442,RVVYDITSK,0,HLA-C07:01,9
1513446,SAALGSDTG,0,HLA-C07:01,9
1513461,SFGPVKRAL,0,HLA-C07:01,9
1513464,SGANPFACI,0,HLA-C07:01,9
1513466,SGIPPVPTI,0,HLA-C07:01,9
1513475,SKSQRAKYG,0,HLA-C07:01,9
1513476,SLDEAIDMR,0,HLA-C07:01,9
1513477,SLKGLAEMK,0,HLA-C07:01,9
1513478,SLLVSVLFI,0,HLA-C07:01,9
1513479,SLPTDQAGV,0,HLA-C07:01,9
1513488,SPYKTLEEL,0,HLA-C07:01,9
1513498,SRREWFIPG,0,HLA-C07:01,9
1513499,SRSFGKKPF,0,HLA-C07:01,9
1513502,SSFALPTCR,0,HLA-C07:01,9
1513507,STQSLFTAS,0,HLA-C07:01,9
1513511,SVQGVREAS,0,HLA-C07:01,9
1513512,SVVAFDRDP,0,HLA-C07:01,9
1513514,SWKMQSDVW,0,HLA-C07:01,9
1513519,TALSSICPG,0,HLA-C07:01,9
1513523,TDSFTKAET,0,HLA-C07:01,9
1513528,TETGITTFF,0,HLA-C07:01,9
1513534,TGLTMAEKF,0,HLA-C07:01,9
1513536,TGRLPKFHE,0,HLA-C07:01,9
1513538,THLMDHGIQ,0,HLA-C07:01,9
1513542,TILNQRGQD,0,HLA-C07:01,9
1513544,TIRIFEPYW,0,HLA-C07:01,9
1513545,TKGRVILRH,0,HLA-C07:01,9
1513547,TLAAITARM,0,HLA-C07:01,9
1513548,TLDGFKAGR,0,HLA-C07:01,9
1513550,TLLNDKGYQ,0,HLA-C07:01,9
1513553,TLRPIPIKS,0,HLA-C07:01,9
1513554,TLSDKPGNP,0,HLA-C07:01,9
1513555,TLVEDNTDH,0,HLA-C07:01,9
1513563,TNPYLEDFI,0,HLA-C07:01,9
1513564,TPRAAETDR,0,HLA-C07:01,9
1513573,TSLAGMKKL,0,HLA-C07:01,9
1513574,TTFIFGIIE,0,HLA-C07:01,9
1513575,TTGSVDSDL,0,HLA-C07:01,9
1513578,TWEAVCVYS,0,HLA-C07:01,9
1513585,VAIYKDKKI,0,HLA-C07:01,9
1513586,VAYEAIESA,0,HLA-C07:01,9
1513587,VCREGSSFW,0,HLA-C07:01,9
1513589,VDIAKKIGT,0,HLA-C07:01,9
1513592,VEELAASSD,0,HLA-C07:01,9
1513601,VGGIWQYIC,0,HLA-C07:01,9
1513619,VKTVPAGAC,0,HLA-C07:01,9
1513620,VKYGEFLNE,0,HLA-C07:01,9
1513628,VLYDHLYLP,0,HLA-C07:01,9
1513629,VMKKKRNYQ,0,HLA-C07:01,9
1513630,VMTNLGEKL,0,HLA-C07:01,9
1513633,VNISFRVGG,0,HLA-C07:01,9
1513641,VSDQLGSAA,0,HLA-C07:01,9
1513642,VSKIVPIED,0,HLA-C07:01,9
1513649,VTDVDDPLL,0,HLA-C07:01,9
1513651,VTFKQRGNL,0,HLA-C07:01,9
1513652,VTNLTITTT,0,HLA-C07:01,9
1513657,VVGAGKVAS,0,HLA-C07:01,9
1513661,VVLVKDNGE,0,HLA-C07:01,9
1513662,VVLVPTINP,0,HLA-C07:01,9
1513667,WAIETGGRY,0,HLA-C07:01,9
1513669,WDEECPPVF,0,HLA-C07:01,9
1513673,WKGADSGLF,0,HLA-C07:01,9
1513676,WPEQLNLSP,0,HLA-C07:01,9
1513679,WVMMDGEEQ,0,HLA-C07:01,9
1513681,YACVVDVGD,0,HLA-C07:01,9
1513682,YAGFSTAEA,0,HLA-C07:01,9
1513685,YCQAKSFDQ,0,HLA-C07:01,9
1513691,YELVKKRTS,0,HLA-C07:01,9
1513692,YERYINERH,0,HLA-C07:01,9
1513704,YPNTDIGDP,0,HLA-C07:01,9
1513709,YSLEMIALT,0,HLA-C07:01,9
1513711,YSVDNGNIV,0,HLA-C07:01,9
2740,QRVDYIMQL,1,HLA-C07:01,9
5698,KTSPYPVIL,1,HLA-C07:01,9
6556,RRKEVVVYL,1,HLA-C07:01,9
6954,SRFIFNYVY,1,HLA-C07:01,9
10898,KRHSIISVL,1,HLA-C07:01,9
13216,FTEDQTAEF,1,HLA-C07:01,9
14597,RRMETIVFL,1,HLA-C07:01,9
16940,TRNDYVMMY,1,HLA-C07:01,9
19191,YRDPRERTL,1,HLA-C07:01,9
21461,YRLEYMRVL,1,HLA-C07:01,9
23032,IRDNFVIIY,1,HLA-C07:01,9
25196,RRFLAARTL,1,HLA-C07:01,9
27436,RTFGGGFEL,1,HLA-C07:01,9
27655,SRAPVFLQF,1,HLA-C07:01,9
32316,KRLKTVLEL,1,HLA-C07:01,9
32491,RRFHGVKTM,1,HLA-C07:01,9
35216,SRMGLIIVN,1,HLA-C07:01,9
35994,RRAEVELEY,1,HLA-C07:01,9
38811,RRQEAIYEM,1,HLA-C07:01,9
40596,RRLSELLRY,1,HLA-C07:01,9
45472,SYNPITHQL,1,HLA-C07:01,9
46785,RRGEYVLTF,1,HLA-C07:01,9
50051,RRIYLILEY,1,HLA-C07:01,9
56050,RRFNYVVRL,1,HLA-C07:01,9
59182,RRNDKIIVF,1,HLA-C07:01,9
61963,ARNKNIHYY,1,HLA-C07:01,9
62467,KRVKANIEF,1,HLA-C07:01,9
62518,SRIGSIINY,1,HLA-C07:01,9
63506,RRLDIVRSL,1,HLA-C07:01,9
63753,IRSQAIHQL,1,HLA-C07:01,9
65599,KRVTWIVEF,1,HLA-C07:01,9
67302,RRFKEPWFL,1,HLA-C07:01,9
70170,KRSQLVKKL,1,HLA-C07:01,9
76420,KRREPLPSL,1,HLA-C07:01,9
76902,VTDGKEVLL,1,HLA-C07:01,9
89004,ITSPVHVSF,1,HLA-C07:01,9
89487,RRAGYINEF,1,HLA-C07:01,9
94006,SRMYFTQTL,1,HLA-C07:01,9
95354,ARAIYAYAL,1,HLA-C07:01,9
97222,ARNERIYVY,1,HLA-C07:01,9
97254,KRNEFESVL,1,HLA-C07:01,9
99900,HRNPLIRKY,1,HLA-C07:01,9
100022,RNRYAGEVY,1,HLA-C07:01,9
100714,KTFPYQHRY,1,HLA-C07:01,9
103328,NRGDFFMTL,1,HLA-C07:01,9
106214,RRFTEIYEF,1,HLA-C07:01,9
113683,SRPKLSFSL,1,HLA-C07:01,9
118299,GRYHVIRKL,1,HLA-C07:01,9
121070,RRNHSQHIL,1,HLA-C07:01,9
124948,YRAQPSASL,1,HLA-C07:01,9
126141,LRDHSVRVL,1,HLA-C07:01,9
128249,SRSEYLNRL,1,HLA-C07:01,9
128305,TRDPLVIEL,1,HLA-C07:01,9
1507234,AAGLSREQI,0,HLA-C07:01,9
1507236,AAIEREPGR,0,HLA-C07:01,9
1507237,AALLAPHGF,0,HLA-C07:01,9
1507241,AAQSIGEPG,0,HLA-C07:01,9
1507255,AEAMVKLEM,0,HLA-C07:01,9
1507257,AEFQAEMAA,0,HLA-C07:01,9
1507258,AEIAKKALE,0,HLA-C07:01,9
1507260,AELTLGIET,0,HLA-C07:01,9
1507262,AEQVRGPVI,0,HLA-C07:01,9
1507264,AEVLDKAEE,0,HLA-C07:01,9
1507270,AGCGADELI,0,HLA-C07:01,9
1507281,AIFTASRLR,0,HLA-C07:01,9
1507283,AISLSLTVR,0,HLA-C07:01,9
1507284,AITPLLAKA,0,HLA-C07:01,9
1507286,AKDRTLAAA,0,HLA-C07:01,9
1507290,AKPPPPPPS,0,HLA-C07:01,9
1507292,AKTFIDQGK,0,HLA-C07:01,9
1507294,ALLGRIDWL,0,HLA-C07:01,9
1507297,ALSPEKLYQ,0,HLA-C07:01,9
1507302,AMHRFPVSE,0,HLA-C07:01,9
1507306,APLAIAGQT,0,HLA-C07:01,9
1507310,AQGTHNYSQ,0,HLA-C07:01,9
1507315,ARQAADLAY,0,HLA-C07:01,9
1507318,ARTVLTEPE,0,HLA-C07:01,9
1507321,ASDSSPMGS,0,HLA-C07:01,9
1507325,ASFQHTTHV,0,HLA-C07:01,9
1507326,ASHNILNPA,0,HLA-C07:01,9
1507327,ASLISNCVA,0,HLA-C07:01,9
1507335,ATPFTTTTK,0,HLA-C07:01,9
1507337,ATSSTPPPI,0,HLA-C07:01,9
1507341,AVRALGNLL,0,HLA-C07:01,9
1507344,AYGAAYTLQ,0,HLA-C07:01,9
1507351,CINAHASLL,0,HLA-C07:01,9
1507352,CISEVCLSS,0,HLA-C07:01,9
1507353,CKQSGCALV,0,HLA-C07:01,9
1507360,CSYSGLNGT,0,HLA-C07:01,9
1507374,DDSIPDEEH,0,HLA-C07:01,9
1507384,DFFDRLKST,0,HLA-C07:01,9
1507388,DFTIATIAA,0,HLA-C07:01,9
1507391,DGTNIKCGI,0,HLA-C07:01,9
1507392,DHSDAISKL,0,HLA-C07:01,9
1507396,DIMPVIKAL,0,HLA-C07:01,9
1507397,DIQVGEHAN,0,HLA-C07:01,9
1507398,DISSSVITS,0,HLA-C07:01,9
1507400,DIVVYCNGQ,0,HLA-C07:01,9
1507401,DKAHKLIAG,0,HLA-C07:01,9
1507402,DKDVFLKPS,0,HLA-C07:01,9
1507409,DLPPGWFPY,0,HLA-C07:01,9
1507412,DLVVIAAEW,0,HLA-C07:01,9
1507414,DNGFGMGSD,0,HLA-C07:01,9
1507418,DQYEQQTAY,0,HLA-C07:01,9
1507420,DRFALGYVV,0,HLA-C07:01,9
1507422,DRKQKSDRS,0,HLA-C07:01,9
1507434,EAKRYENSG,0,HLA-C07:01,9
1507438,EDGSVVNPG,0,HLA-C07:01,9
1507439,EDPIYVLEN,0,HLA-C07:01,9
1507446,EEELPEPTK,0,HLA-C07:01,9
1507457,EGRGGVSEG,0,HLA-C07:01,9
1507458,EHAHESVPF,0,HLA-C07:01,9
1507459,EHLQKRIRG,0,HLA-C07:01,9
1507464,EKEEALAQE,0,HLA-C07:01,9
1507473,ELKSMADVG,0,HLA-C07:01,9
1507475,ELRNLGISE,0,HLA-C07:01,9
1507476,ELSNIKVAM,0,HLA-C07:01,9
1507482,ENAFYNCPN,0,HLA-C07:01,9
1507486,ENRKLIRGV,0,HLA-C07:01,9
1507488,EPAIDLCTS,0,HLA-C07:01,9
1507502,ESGIIKIGT,0,HLA-C07:01,9
1507503,ESTYQNFAG,0,HLA-C07:01,9
1507505,ETLREAAAP,0,HLA-C07:01,9
1507506,ETNTEFEQA,0,HLA-C07:01,9
1507507,ETVVGLYQK,0,HLA-C07:01,9
1507508,EVISYIGGE,0,HLA-C07:01,9
1507516,FDKEEIAPQ,0,HLA-C07:01,9
1507518,FDSYGILLE,0,HLA-C07:01,9
1507525,FGLDNTSPT,0,HLA-C07:01,9
1507527,FHPFDLTWC,0,HLA-C07:01,9
1507529,FIAHKETLT,0,HLA-C07:01,9
1507535,FLGWETCNR,0,HLA-C07:01,9
1507538,FLSFLQKHY,0,HLA-C07:01,9
1507542,FQDVFQSQL,0,HLA-C07:01,9
1507546,FSMAQRLQI,0,HLA-C07:01,9
1507557,FVHRARVED,0,HLA-C07:01,9
1507562,FYEIQLRDR,0,HLA-C07:01,9
1507568,GCFNNLIES,0,HLA-C07:01,9
1507572,GDHEENLAE,0,HLA-C07:01,9
1507573,GDLDSRYVW,0,HLA-C07:01,9
1507574,GEDFGGDSD,0,HLA-C07:01,9
1507575,GEEIQRVSL,0,HLA-C07:01,9
1507577,GFIAGGLKA,0,HLA-C07:01,9
1507579,GFVLQLGSV,0,HLA-C07:01,9
1507582,GGHRVQRVP,0,HLA-C07:01,9
1507583,GGIGQAMPK,0,HLA-C07:01,9
1507585,GGSNKTDYI,0,HLA-C07:01,9
1507587,GIDLPPLSL,0,HLA-C07:01,9
1507590,GILFLGAHF,0,HLA-C07:01,9
1507592,GIPGHTHTM,0,HLA-C07:01,9
1507594,GIVTRCPLV,0,HLA-C07:01,9
1507598,GKVIGLQIF,0,HLA-C07:01,9
1507599,GKVQVLLGA,0,HLA-C07:01,9
1507600,GKWLCDVAE,0,HLA-C07:01,9
1507601,GLAAGLDKN,0,HLA-C07:01,9
1507602,GLAEVIPTA,0,HLA-C07:01,9
1507604,GLKGIPWAA,0,HLA-C07:01,9
1507609,GLTGLTMAE,0,HLA-C07:01,9
1507610,GLVGGYNSK,0,HLA-C07:01,9
1507612,GMGASTAEI,0,HLA-C07:01,9
1507613,GNAEVKLEE,0,HLA-C07:01,9
1507620,GQGAQWPGM,0,HLA-C07:01,9
1507625,GRVFKGKKM,0,HLA-C07:01,9
1507627,GSDAEDVSA,0,HLA-C07:01,9
1507631,GSLTKKLCE,0,HLA-C07:01,9
1507636,GTGVIAGGP,0,HLA-C07:01,9
1507637,GVEGKIVAI,0,HLA-C07:01,9
1507639,GVENAPRGL,0,HLA-C07:01,9
1507642,GVMPQTKEH,0,HLA-C07:01,9
1507650,HAAVPTHIP,0,HLA-C07:01,9
1507653,HGFHLHEFG,0,HLA-C07:01,9
1507654,HGYMIARLP,0,HLA-C07:01,9
1507655,HHPRNVSHY,0,HLA-C07:01,9
1507658,HIQDRFHQL,0,HLA-C07:01,9
1507659,HISEANMEY,0,HLA-C07:01,9
1507660,HKDATDEQR,0,HLA-C07:01,9
1507662,HKGLGGFPL,0,HLA-C07:01,9
1507664,HLILLHRAV,0,HLA-C07:01,9
1507679,HVYATLPEL,0,HLA-C07:01,9
1507680,HWLLNEDYK,0,HLA-C07:01,9
1507684,IATGSPLPP,0,HLA-C07:01,9
1507691,IDIEGDEAE,0,HLA-C07:01,9
1507693,IEGRQEEDQ,0,HLA-C07:01,9
1507710,IIGGFEAYT,0,HLA-C07:01,9
1507713,IKTLQAIED,0,HLA-C07:01,9
1507720,ILHGCPLPR,0,HLA-C07:01,9
1507729,INTIMYYSA,0,HLA-C07:01,9
1507731,IPPEIQAGG,0,HLA-C07:01,9
1507740,ISGPFEAPL,0,HLA-C07:01,9
1507746,ITEDDVIDI,0,HLA-C07:01,9
1507755,IVGVVTNGL,0,HLA-C07:01,9
1507761,KAIERKRKK,0,HLA-C07:01,9
1507762,KARIVAKMN,0,HLA-C07:01,9
1507769,KEDGYYRLQ,0,HLA-C07:01,9
1507776,KFLKNHVIE,0,HLA-C07:01,9
1507781,KHTKLAKLA,0,HLA-C07:01,9
1507787,KKFVSEIDA,0,HLA-C07:01,9
1507794,KLGGGIRLA,0,HLA-C07:01,9
1507798,KMGELITKD,0,HLA-C07:01,9
1507802,KPAQTTPSY,0,HLA-C07:01,9
1507804,KPLTTGFNH,0,HLA-C07:01,9
1507808,KQKIVIPFV,0,HLA-C07:01,9
1507810,KQRFPSQSQ,0,HLA-C07:01,9
1507811,KQVFLGGVD,0,HLA-C07:01,9
1507813,KRIMPESNR,0,HLA-C07:01,9
1507821,KSLAIIGVG,0,HLA-C07:01,9
1507834,KYTVCVSCQ,0,HLA-C07:01,9
1507835,LACADLIIG,0,HLA-C07:01,9
1507838,LAKRLAKSK,0,HLA-C07:01,9
1507840,LAPAELSAL,0,HLA-C07:01,9
1507845,LDCLLESER,0,HLA-C07:01,9
1507854,LEGQNQAGK,0,HLA-C07:01,9
1507861,LFCILLVVL,0,HLA-C07:01,9
1507862,LFDDVILMG,0,HLA-C07:01,9
1507863,LFDRNFNTT,0,HLA-C07:01,9
1507865,LFGRQSGTT,0,HLA-C07:01,9
1507868,LFQFGALIS,0,HLA-C07:01,9
1507869,LFVGLEAVR,0,HLA-C07:01,9
1507872,LGDYNFAEP,0,HLA-C07:01,9
1507875,LGLIAIAAC,0,HLA-C07:01,9
1507879,LGVLPPNLP,0,HLA-C07:01,9
1507884,LIAEATGVS,0,HLA-C07:01,9
1507890,LIWNIVLVS,0,HLA-C07:01,9
1507895,LKQEKDNKS,0,HLA-C07:01,9
1507897,LLDMFTIKE,0,HLA-C07:01,9
1507898,LLEIAEASA,0,HLA-C07:01,9
1507901,LLKEFDIEI,0,HLA-C07:01,9
1507902,LLLAVGMAV,0,HLA-C07:01,9
1507909,LPAIELLST,0,HLA-C07:01,9
1507912,LQAGVDARG,0,HLA-C07:01,9
1507922,LRRVIQPLE,0,HLA-C07:01,9
1507923,LSKEAVTVQ,0,HLA-C07:01,9
1507926,LSSLQLKCY,0,HLA-C07:01,9
1507930,LTEHERIHT,0,HLA-C07:01,9
1507931,LTFIDTPAA,0,HLA-C07:01,9
1507934,LTQRFPEKT,0,HLA-C07:01,9
1507939,LVKVNQIGT,0,HLA-C07:01,9
1507940,LVLTAPRGA,0,HLA-C07:01,9
1507961,MNHNSYDKM,0,HLA-C07:01,9
1507964,MRKKRGGTV,0,HLA-C07:01,9
1507979,NCIYPLIGV,0,HLA-C07:01,9
1507982,NEHANDITA,0,HLA-C07:01,9
1507989,NGKSVRQDG,0,HLA-C07:01,9
1507993,NICVAIGYS,0,HLA-C07:01,9
1507996,NIRPDFAFG,0,HLA-C07:01,9
1508001,NLSAANCYK,0,HLA-C07:01,9
1508008,NQSVETIEV,0,HLA-C07:01,9
1508013,NVALVQMLA,0,HLA-C07:01,9
1508015,NVKPIFIKR,0,HLA-C07:01,9
1508027,PEDALFFFV,0,HLA-C07:01,9
1508030,PFFLHKESG,0,HLA-C07:01,9
1508038,PGSSGVSGP,0,HLA-C07:01,9
1508044,PIIAALIRA,0,HLA-C07:01,9
1508052,PLGVWGFIV,0,HLA-C07:01,9
1508053,PLIGVTAAY,0,HLA-C07:01,9
1508061,PQFALVFTP,0,HLA-C07:01,9
1508062,PQSDSALSD,0,HLA-C07:01,9
1508063,PRMGRSGYL,0,HLA-C07:01,9
1508068,PSIPQSQAQ,0,HLA-C07:01,9
1508070,PSTRTRTSF,0,HLA-C07:01,9
1508084,PYICAEWDM,0,HLA-C07:01,9
1508086,QASGDPRSA,0,HLA-C07:01,9
1508089,QCVTCRLHR,0,HLA-C07:01,9
1508092,QERGITITT,0,HLA-C07:01,9
1508109,QQAAFGYTA,0,HLA-C07:01,9
1508123,RAHFHTKLL,0,HLA-C07:01,9
1508124,RAKTGRING,0,HLA-C07:01,9
1508129,RDGMDNLKK,0,HLA-C07:01,9
1508131,RDNAVGFLQ,0,HLA-C07:01,9
1508132,RDQPMPLEA,0,HLA-C07:01,9
1508133,REALVPFGK,0,HLA-C07:01,9
1508138,RERPSRRLT,0,HLA-C07:01,9
1508141,RGGIEYIEV,0,HLA-C07:01,9
1508142,RGPDVNDYS,0,HLA-C07:01,9
1508143,RGQVIYVGK,0,HLA-C07:01,9
1508156,RLALLPAYL,0,HLA-C07:01,9
1508159,RLLRITKAS,0,HLA-C07:01,9
1508162,RNFRELPQW,0,HLA-C07:01,9
1508163,RPDQRLMEN,0,HLA-C07:01,9
1508166,RPSLQASAN,0,HLA-C07:01,9
1508174,RRRRKRDFR,0,HLA-C07:01,9
1508182,RTIFPWFVS,0,HLA-C07:01,9
1508188,RYYEVLYDY,0,HLA-C07:01,9
1508192,SCLECGHFS,0,HLA-C07:01,9
1508197,SENKNAKYR,0,HLA-C07:01,9
1508207,SHVAAAVLR,0,HLA-C07:01,9
1508208,SIASLRRKA,0,HLA-C07:01,9
1508218,SKKNRVFYG,0,HLA-C07:01,9
1508220,SLAAFKEGQ,0,HLA-C07:01,9
1508222,SLFASNIGS,0,HLA-C07:01,9
1508224,SLMGFIKLK,0,HLA-C07:01,9
1508225,SLMLDIRYR,0,HLA-C07:01,9
1508237,SQLRRQNHN,0,HLA-C07:01,9
1508238,SQRAAPEHD,0,HLA-C07:01,9
1508260,SVTFKLASG,0,HLA-C07:01,9
1508261,SVTNTRVDI,0,HLA-C07:01,9
1508265,SYPPLALSL,0,HLA-C07:01,9
1508267,TAAERLQQK,0,HLA-C07:01,9
1508276,TFNPAQSVL,0,HLA-C07:01,9
1508282,THPDGAKLQ,0,HLA-C07:01,9
1508283,TIADATTLT,0,HLA-C07:01,9
1508285,TIDAFDRLC,0,HLA-C07:01,9
1508291,TKTIDDSKL,0,HLA-C07:01,9
1508295,TLWHVDWKN,0,HLA-C07:01,9
1508299,TPDRIDTVL,0,HLA-C07:01,9
1508301,TPTGDWDKG,0,HLA-C07:01,9
1508302,TPTISDGMS,0,HLA-C07:01,9
1508309,TQTLVEMEA,0,HLA-C07:01,9
1508317,TSRSSTDKL,0,HLA-C07:01,9
1508324,TVEYFRIPR,0,HLA-C07:01,9
1508333,VAIAKAYAA,0,HLA-C07:01,9
1508342,VDAVPELVT,0,HLA-C07:01,9
1508349,VDSNIPSVA,0,HLA-C07:01,9
1508353,VEAVSVMLQ,0,HLA-C07:01,9
1508357,VEIPFSLRV,0,HLA-C07:01,9
1508358,VEIVDTAQP,0,HLA-C07:01,9
1508359,VELDRKALA,0,HLA-C07:01,9
1508361,VEVLIKGLK,0,HLA-C07:01,9
1508364,VFREDDEAE,0,HLA-C07:01,9
1508366,VGDGTQDNL,0,HLA-C07:01,9
1508368,VGHVDYAFA,0,HLA-C07:01,9
1508374,VGSPWCGYT,0,HLA-C07:01,9
1508376,VHDIDELER,0,HLA-C07:01,9
1508377,VIIFQEGVD,0,HLA-C07:01,9
1508382,VKDLSQLGR,0,HLA-C07:01,9
1508390,VLVPISVVY,0,HLA-C07:01,9
1508397,VNRKLGKTG,0,HLA-C07:01,9
1508400,VPEKGKDSQ,0,HLA-C07:01,9
1508417,VSKRTNQAA,0,HLA-C07:01,9
1508421,VTTGAPRPA,0,HLA-C07:01,9
1508423,VVSDITAMN,0,HLA-C07:01,9
1508426,VVVAVFIVC,0,HLA-C07:01,9
1508428,VWHMPALTE,0,HLA-C07:01,9
1508435,WLLLLKRWL,0,HLA-C07:01,9
1508440,WQQLAVVRR,0,HLA-C07:01,9
1508441,WRDTMVLKT,0,HLA-C07:01,9
1508443,WRGGRIKKI,0,HLA-C07:01,9
1508452,YEEDHLAVQ,0,HLA-C07:01,9
1508458,YHKFDWHKQ,0,HLA-C07:01,9
1508461,YKNIPRNSP,0,HLA-C07:01,9
1508469,YNGEKIGQG,0,HLA-C07:01,9
1508470,YNQAPSMDA,0,HLA-C07:01,9
1508471,YNWATKTSA,0,HLA-C07:01,9
1508474,YRFIISNPP,0,HLA-C07:01,9
1508475,YRTQFEAIQ,0,HLA-C07:01,9
1508476,YSAELLAGA,0,HLA-C07:01,9
1508482,YTVAHLLQG,0,HLA-C07:01,9
1508484,YVEGESLIM,0,HLA-C07:01,9
196,HRNEVTVEL,1,HLA-C07:01,9
705,RRISQIQQL,1,HLA-C07:01,9
3212,SQNPYNAVI,1,HLA-C07:01,9
6684,KRLNFITEY,1,HLA-C07:01,9
6897,KRHSNVVIL,1,HLA-C07:01,9
11465,RRIQFPIEM,1,HLA-C07:01,9
11763,RTPGNRIVY,1,HLA-C07:01,9
17289,VRNNVIIVM,1,HLA-C07:01,9
24394,ATSKVALVY,1,HLA-C07:01,9
28946,YTTDFIFNL,1,HLA-C07:01,9
29912,RRQELEQVL,1,HLA-C07:01,9
31621,KRFSYSRYM,1,HLA-C07:01,9
33385,SRYQDILVF,1,HLA-C07:01,9
33561,KRLQQFLEF,1,HLA-C07:01,9
37096,RRSHDLHTL,1,HLA-C07:01,9
39051,RRPKFCRKM,1,HLA-C07:01,9
45135,RTFLHTVCF,1,HLA-C07:01,9
45309,QRAEVIRIL,1,HLA-C07:01,9
47869,IRENHERAL,1,HLA-C07:01,9
50009,KRPEFVRGY,1,HLA-C07:01,9
55095,NTDEPPMVF,1,HLA-C07:01,9
55143,RRKDGVFLY,1,HLA-C07:01,9
58839,SAIGYIHSL,1,HLA-C07:01,9
59198,KRKGVHCVM,1,HLA-C07:01,9
59568,KRREYLYQL,1,HLA-C07:01,9
61175,KRNFNYHIL,1,HLA-C07:01,9
62677,KRKGQVIQF,1,HLA-C07:01,9
63570,RRYNDFVVF,1,HLA-C07:01,9
63927,SRGDFVVEY,1,HLA-C07:01,9
65089,KTKSVVLQL,1,HLA-C07:01,9
70271,RNVARCWTY,1,HLA-C07:01,9
76355,RRYQKSTEL,1,HLA-C07:01,9
77149,SRNKDTYFL,1,HLA-C07:01,9
78786,RRSSQSWSL,1,HLA-C07:01,9
79588,YRAQPSVSL,1,HLA-C07:01,9
80628,RRRSSTFTL,1,HLA-C07:01,9
82266,SRFSNVYHL,1,HLA-C07:01,9
86223,NRLGYTHLY,1,HLA-C07:01,9
88521,RRAQMTKYL,1,HLA-C07:01,9
89166,IRFQEERRL,1,HLA-C07:01,9
91306,RRNPYCRTL,1,HLA-C07:01,9
92288,KRNKIFMEF,1,HLA-C07:01,9
94763,RRSPTKSSL,1,HLA-C07:01,9
99066,KRLATEFEL,1,HLA-C07:01,9
99698,KTYGVSFFL,1,HLA-C07:01,9
100462,RRCPHVETL,1,HLA-C07:01,9
104000,KRYSGNMEY,1,HLA-C07:01,9
105314,SRIKGWWVF,1,HLA-C07:01,9
106656,RNLLHDNEL,1,HLA-C07:01,9
106892,TRNPLVAVY,1,HLA-C07:01,9
111005,IRQTGVIVL,1,HLA-C07:01,9
112383,KRFDDKYTL,1,HLA-C07:01,9
114374,KRLTHVYDL,1,HLA-C07:01,9
115149,YNNFSGNSL,1,HLA-C07:01,9
118637,RTIGFFYTL,1,HLA-C07:01,9
123667,YRNAYTMVL,1,HLA-C07:01,9
124500,TRMSTVSEL,1,HLA-C07:01,9
129958,KRFEQQQKL,1,HLA-C07:01,9
1515138,AALPEAEAL,0,HLA-C07:01,9
1515140,AAPLPMAVI,0,HLA-C07:01,9
1515141,AAQTHEFSS,0,HLA-C07:01,9
1515142,AASADGADA,0,HLA-C07:01,9
1515146,ADAHRKAHE,0,HLA-C07:01,9
1515151,ADTLNAVKE,0,HLA-C07:01,9
1515152,ADVAVAMNS,0,HLA-C07:01,9
1515160,AGRYIFTPD,0,HLA-C07:01,9
1515173,AKKEALMQE,0,HLA-C07:01,9
1515175,AKVMMEGGR,0,HLA-C07:01,9
1515181,ALINGHCVT,0,HLA-C07:01,9
1515198,AQACAAGTA,0,HLA-C07:01,9
1515201,ARAHGAALL,0,HLA-C07:01,9
1515202,ARHLNPEEV,0,HLA-C07:01,9
1515203,ASAVCSVTD,0,HLA-C07:01,9
1515204,ASFDDLVPL,0,HLA-C07:01,9
1515205,ASGDAVPAE,0,HLA-C07:01,9
1515207,ASNPSEPAT,0,HLA-C07:01,9
1515210,ASSYSTERQ,0,HLA-C07:01,9
1515213,ASVPPPRPS,0,HLA-C07:01,9
1515214,ATDHPEIEA,0,HLA-C07:01,9
1515221,AVQLLPPGQ,0,HLA-C07:01,9
1515229,AYYNSCKWE,0,HLA-C07:01,9
1515232,CCEEKCTQM,0,HLA-C07:01,9
1515235,CGYRTQMVV,0,HLA-C07:01,9
1515237,CIFYERDQQ,0,HLA-C07:01,9
1515239,CISAEDLNK,0,HLA-C07:01,9
1515240,CKIGSCLIG,0,HLA-C07:01,9
1515243,CNNENSSLP,0,HLA-C07:01,9
1515248,CRMLKCNVK,0,HLA-C07:01,9
1515249,CRSAEHSCN,0,HLA-C07:01,9
1515250,CSASTSQGR,0,HLA-C07:01,9
1515252,CSKAFSQSS,0,HLA-C07:01,9
1515253,CSRPWQEVL,0,HLA-C07:01,9
1515255,CYTPKCAID,0,HLA-C07:01,9
1515272,DFIQSAIYG,0,HLA-C07:01,9
1515273,DFKRLGSME,0,HLA-C07:01,9
1515275,DGDGGSLFG,0,HLA-C07:01,9
1515282,DHPNDGLLT,0,HLA-C07:01,9
1515290,DMEKGKFPV,0,HLA-C07:01,9
1515295,DPGSAGQFW,0,HLA-C07:01,9
1515306,DRLDYVSPM,0,HLA-C07:01,9
1515307,DRPDEDADR,0,HLA-C07:01,9
1515311,DSQVFFRKG,0,HLA-C07:01,9
1515315,DTPIEALDL,0,HLA-C07:01,9
1515317,DVAARGLDI,0,HLA-C07:01,9
1515319,DVLQKVKRI,0,HLA-C07:01,9
1515325,EAITDHIAW,0,HLA-C07:01,9
1515327,EALSEYAVQ,0,HLA-C07:01,9
1515334,EAVITVPAY,0,HLA-C07:01,9
1515336,EDTNPQGGA,0,HLA-C07:01,9
1515342,EEVFAACKD,0,HLA-C07:01,9
1515347,EGNDIIREA,0,HLA-C07:01,9
1515349,EGRDYISEG,0,HLA-C07:01,9
1515355,EIDDPQTMY,0,HLA-C07:01,9
1515361,EKIAEWKNE,0,HLA-C07:01,9
1515364,EKRETELTT,0,HLA-C07:01,9
1515367,ELEAGAPAT,0,HLA-C07:01,9
1515368,EMGVKNVIT,0,HLA-C07:01,9
1515374,ENMKEIDLG,0,HLA-C07:01,9
1515377,EPECQCLEA,0,HLA-C07:01,9
1515378,EPGEASKRF,0,HLA-C07:01,9
1515384,ERKVVDAGN,0,HLA-C07:01,9
1515386,ERRFGRDME,0,HLA-C07:01,9
1515387,ERSSARERA,0,HLA-C07:01,9
1515389,ERYSDFVVH,0,HLA-C07:01,9
1515392,ESDLGLLEG,0,HLA-C07:01,9
1515393,ESLSLSILR,0,HLA-C07:01,9
1515400,ESWKRANPY,0,HLA-C07:01,9
1515402,ETIISGMGE,0,HLA-C07:01,9
1515405,ETLPDGAVI,0,HLA-C07:01,9
1515407,EVANAESID,0,HLA-C07:01,9
1515410,EVGEKQAAV,0,HLA-C07:01,9
1515412,EVRLKYRYL,0,HLA-C07:01,9
1515414,EYADVKYLV,0,HLA-C07:01,9
1515415,EYLVRKGLP,0,HLA-C07:01,9
1515420,FDRDRSRFY,0,HLA-C07:01,9
1515422,FEGELISIQ,0,HLA-C07:01,9
1515425,FERKKTLGT,0,HLA-C07:01,9
1515427,FFGLSGTGK,0,HLA-C07:01,9
1515429,FGGALDSFR,0,HLA-C07:01,9
1515433,FIDIGFFAS,0,HLA-C07:01,9
1515437,FLDYYATGK,0,HLA-C07:01,9
1515438,FNDGKSCGG,0,HLA-C07:01,9
1515441,FPFDDEGVR,0,HLA-C07:01,9
1515443,FPPLMIDPI,0,HLA-C07:01,9
1515455,FVNLSQQVH,0,HLA-C07:01,9
1515463,GANARTALI,0,HLA-C07:01,9
1515469,GDQIRKWKD,0,HLA-C07:01,9
1515470,GEEMVFLPL,0,HLA-C07:01,9
1515473,GEKYLLAQG,0,HLA-C07:01,9
1515475,GETFEVKGT,0,HLA-C07:01,9
1515477,GFIDKELAQ,0,HLA-C07:01,9
1515482,GGCRNNSGF,0,HLA-C07:01,9
1515483,GGERTHQAL,0,HLA-C07:01,9
1515484,GGGENHFAI,0,HLA-C07:01,9
1515491,GGVVLQVGD,0,HLA-C07:01,9
1515492,GHWQSMFQK,0,HLA-C07:01,9
1515502,GLASTPEVP,0,HLA-C07:01,9
1515514,GNMKFFPNG,0,HLA-C07:01,9
1515516,GPEALRVHG,0,HLA-C07:01,9
1515521,GQIKTGSLS,0,HLA-C07:01,9
1515529,GSALLSRSP,0,HLA-C07:01,9
1515530,GSDEPHVAA,0,HLA-C07:01,9
1515538,GTNYLSKVR,0,HLA-C07:01,9
1515546,GWGSNRSGQ,0,HLA-C07:01,9
1515553,HAGDPDREG,0,HLA-C07:01,9
1515554,HAKGRGLLR,0,HLA-C07:01,9
1515555,HCTRNYIHM,0,HLA-C07:01,9
1515556,HEDMPKVLN,0,HLA-C07:01,9
1515559,HGINFVTPV,0,HLA-C07:01,9
1515562,HLKRPDSPS,0,HLA-C07:01,9
1515568,HRLRIINTS,0,HLA-C07:01,9
1515571,HTERIWYLD,0,HLA-C07:01,9
1515572,HTLSELLQL,0,HLA-C07:01,9
1515576,IAAGWGVAL,0,HLA-C07:01,9
1515580,IAYVPDNCI,0,HLA-C07:01,9
1515584,IDAYFSGTK,0,HLA-C07:01,9
1515585,IDDALMKIT,0,HLA-C07:01,9
1515587,IDEYPILAV,0,HLA-C07:01,9
1515589,IEDVMRSTD,0,HLA-C07:01,9
1515592,IEFSKEGFV,0,HLA-C07:01,9
1515594,IELGDLFIS,0,HLA-C07:01,9
1515599,IGLIGSLSS,0,HLA-C07:01,9
1515601,IHPQSVIHS,0,HLA-C07:01,9
1515609,IKKLPKPSE,0,HLA-C07:01,9
1515614,ILDAPRLGC,0,HLA-C07:01,9
1515615,ILDEEGIDL,0,HLA-C07:01,9
1515616,ILENAGENV,0,HLA-C07:01,9
1515620,ILLGDNQRR,0,HLA-C07:01,9
1515622,ILVLTMFFV,0,HLA-C07:01,9
1515625,IPSYMIELQ,0,HLA-C07:01,9
1515627,IRSPEERAT,0,HLA-C07:01,9
1515629,ISAKCQVPY,0,HLA-C07:01,9
1515630,ISGESTFMV,0,HLA-C07:01,9
1515633,ISRGLPLVD,0,HLA-C07:01,9
1515638,IWANQMPEI,0,HLA-C07:01,9
1515639,IYVKSVLEL,0,HLA-C07:01,9
1515654,KFQRVSKEK,0,HLA-C07:01,9
1515658,KGKGSTCAF,0,HLA-C07:01,9
1515660,KGMHGRGAE,0,HLA-C07:01,9
1515661,KGPNSFTGE,0,HLA-C07:01,9
1515665,KIESLQRAS,0,HLA-C07:01,9
1515667,KIGAFLSVY,0,HLA-C07:01,9
1515671,KIRRYDANV,0,HLA-C07:01,9
1515672,KIVQSSQFG,0,HLA-C07:01,9
1515678,KLCLEDVQE,0,HLA-C07:01,9
1515682,KMGSQQKVN,0,HLA-C07:01,9
1515687,KNRWGKMME,0,HLA-C07:01,9
1515688,KNTTETPIK,0,HLA-C07:01,9
1515690,KNVYGQYGN,0,HLA-C07:01,9
1515694,KQLIAEQVT,0,HLA-C07:01,9
1515702,KRVEPLPES,0,HLA-C07:01,9
1515705,KTCKRKSAP,0,HLA-C07:01,9
1515706,KTTAETTTT,0,HLA-C07:01,9
1515708,KVAAMNDGD,0,HLA-C07:01,9
1515712,KVTSRLTDT,0,HLA-C07:01,9
1515713,KWVVKGAVD,0,HLA-C07:01,9
1515718,LADNLMPYA,0,HLA-C07:01,9
1515725,LAPQVASNY,0,HLA-C07:01,9
1515727,LAYSRHYPS,0,HLA-C07:01,9
1515728,LCGAEVQGH,0,HLA-C07:01,9
1515732,LDAFRLTDD,0,HLA-C07:01,9
1515733,LDAVVPELS,0,HLA-C07:01,9
1515737,LDPFTARAY,0,HLA-C07:01,9
1515740,LDYAEAGDN,0,HLA-C07:01,9
1515741,LEDGSKRQR,0,HLA-C07:01,9
1515743,LEHSALAIN,0,HLA-C07:01,9
1515744,LEKVNGIAE,0,HLA-C07:01,9
1515745,LERRVMFRR,0,HLA-C07:01,9
1515755,LHNPWDFEE,0,HLA-C07:01,9
1515758,LIIGLSKAK,0,HLA-C07:01,9
1515768,LKEGEEDEP,0,HLA-C07:01,9
1515770,LKHRFEIIE,0,HLA-C07:01,9
1515771,LKKPSLADI,0,HLA-C07:01,9
1515772,LKLEEGFEE,0,HLA-C07:01,9
1515781,LLNNNSEQV,0,HLA-C07:01,9
1515788,LLTVSRQAL,0,HLA-C07:01,9
1515792,LMHQWTKKD,0,HLA-C07:01,9
1515795,LNEMISLIE,0,HLA-C07:01,9
1515801,LPEEIGSCT,0,HLA-C07:01,9
1515806,LQEVLHKKQ,0,HLA-C07:01,9
1515807,LQGGLSSLT,0,HLA-C07:01,9
1515810,LRAFVNSQI,0,HLA-C07:01,9
1515812,LRDMKRGRD,0,HLA-C07:01,9
1515813,LRGIRLKTP,0,HLA-C07:01,9
1515816,LRYQKEQEE,0,HLA-C07:01,9
1515831,LTNTPEFSF,0,HLA-C07:01,9
1515838,LVGAKLDLD,0,HLA-C07:01,9
1515839,LVITEFYFL,0,HLA-C07:01,9
1515844,LVQSMANRA,0,HLA-C07:01,9
1515848,MAMPYLKVA,0,HLA-C07:01,9
1515856,MGGFALIKQ,0,HLA-C07:01,9
1515857,MGHAIDRAL,0,HLA-C07:01,9
1515858,MGMVLQTLP,0,HLA-C07:01,9
1515859,MHQRDIDRV,0,HLA-C07:01,9
1515860,MIARLQVMQ,0,HLA-C07:01,9
1515861,MIGSLFAGH,0,HLA-C07:01,9
1515867,MMVEAEATD,0,HLA-C07:01,9
1515873,MTKWFNTNY,0,HLA-C07:01,9
1515880,NDIRDTVGN,0,HLA-C07:01,9
1515881,NDYHGASGP,0,HLA-C07:01,9
1515883,NFYEIFKDW,0,HLA-C07:01,9
1515885,NGNEGTLTV,0,HLA-C07:01,9
1515893,NIPGTAMNR,0,HLA-C07:01,9
1515899,NLGDWGDKS,0,HLA-C07:01,9
1515902,NLIGSGTVV,0,HLA-C07:01,9
1515903,NLPARFTYF,0,HLA-C07:01,9
1515905,NLSVTPYTY,0,HLA-C07:01,9
1515907,NNPMVISDN,0,HLA-C07:01,9
1515908,NPHHLSRLC,0,HLA-C07:01,9
1515909,NPIEGVEYE,0,HLA-C07:01,9
1515911,NPTEFFADI,0,HLA-C07:01,9
1515914,NRQLPAVSC,0,HLA-C07:01,9
1515917,NVCITNTTE,0,HLA-C07:01,9
1515923,NYFRDTWNI,0,HLA-C07:01,9
1515936,PFLGLKAVK,0,HLA-C07:01,9
1515938,PFVLIIYCY,0,HLA-C07:01,9
1515942,PGIVVYQHG,0,HLA-C07:01,9
1515943,PGKIEVLEF,0,HLA-C07:01,9
1515952,PLLSPPPEA,0,HLA-C07:01,9
1515956,PNIVGYLLS,0,HLA-C07:01,9
1515960,PPLTSIDPD,0,HLA-C07:01,9
1515963,PPTSEGGRP,0,HLA-C07:01,9
1515964,PPVFTSGLS,0,HLA-C07:01,9
1515972,PTGSIEQLA,0,HLA-C07:01,9
1515973,PTHPDDVGD,0,HLA-C07:01,9
1515976,PVITFGGLL,0,HLA-C07:01,9
1515980,QCHSVPVRS,0,HLA-C07:01,9
1515985,QEGLYRHYL,0,HLA-C07:01,9
1515986,QEINTGILI,0,HLA-C07:01,9
1515987,QEKQRSLEK,0,HLA-C07:01,9
1515990,QFNQFGVEV,0,HLA-C07:01,9
1515993,QHGGQETTL,0,HLA-C07:01,9
1515994,QHTQFTTTT,0,HLA-C07:01,9
1516000,QLKDKDELH,0,HLA-C07:01,9
1516001,QLKSGERVK,0,HLA-C07:01,9
1516004,QQLGQFETR,0,HLA-C07:01,9
1516006,QQQQQQPSD,0,HLA-C07:01,9
1516007,QRAISDLSW,0,HLA-C07:01,9
1516012,QSFYTIFIK,0,HLA-C07:01,9
1516013,QSGDKHPPS,0,HLA-C07:01,9
1516014,QSLLSIRGS,0,HLA-C07:01,9
1516015,QTAWVHNSW,0,HLA-C07:01,9
1516016,QTGGLSGRP,0,HLA-C07:01,9
1516019,QVKKFIVQL,0,HLA-C07:01,9
1516022,QWDLVCDLG,0,HLA-C07:01,9
1516028,RAPDYDDWT,0,HLA-C07:01,9
1516029,RAQQDAERL,0,HLA-C07:01,9
1516030,RATLIDSPF,0,HLA-C07:01,9
1516032,RDDAKGARR,0,HLA-C07:01,9
1516038,REITLLGGQ,0,HLA-C07:01,9
1516041,RFEYPAQIL,0,HLA-C07:01,9
1516042,RFFAFHFIL,0,HLA-C07:01,9
1516045,RGKQEDAHE,0,HLA-C07:01,9
1516047,RGSDSQLCP,0,HLA-C07:01,9
1516050,RGSHGCRQQ,0,HLA-C07:01,9
1516051,RGSLLTLQK,0,HLA-C07:01,9
1516055,RILEPMWMD,0,HLA-C07:01,9
1516061,RLFEKGALD,0,HLA-C07:01,9
1516063,RLSCLDFVM,0,HLA-C07:01,9
1516064,RLVVHHRVD,0,HLA-C07:01,9
1516070,RNEADLPLV,0,HLA-C07:01,9
1516071,RNQIILKKH,0,HLA-C07:01,9
1516075,RQANKYGVP,0,HLA-C07:01,9
1516081,RSSIRILPG,0,HLA-C07:01,9
1516082,RTKVSSILN,0,HLA-C07:01,9
1516084,RTQKDKEMI,0,HLA-C07:01,9
1516092,SAALVKHQR,0,HLA-C07:01,9
1516093,SAANKHNER,0,HLA-C07:01,9
1516095,SAGTLLTSH,0,HLA-C07:01,9
1516112,SFDKNLTSL,0,HLA-C07:01,9
1516118,SGFNHNEPT,0,HLA-C07:01,9
1516119,SGGVLTPHH,0,HLA-C07:01,9
1516123,SGRFLWIKF,0,HLA-C07:01,9
1516128,SIPQKIPAA,0,HLA-C07:01,9
1516130,SKCDLATEM,0,HLA-C07:01,9
1516131,SKEALPSPI,0,HLA-C07:01,9
1516144,SMDMSAFFS,0,HLA-C07:01,9
1516147,SNELDYRLS,0,HLA-C07:01,9
1516148,SNNKMQNAI,0,HLA-C07:01,9
1516156,SQQWNSESD,0,HLA-C07:01,9
1516157,SQSRTSLPS,0,HLA-C07:01,9
1516160,SRHRGFGID,0,HLA-C07:01,9
1516161,SRLDWSREQ,0,HLA-C07:01,9
1516168,SSILPTMVG,0,HLA-C07:01,9
1516169,SSKVTSVPG,0,HLA-C07:01,9
1516170,SSPQYWVTP,0,HLA-C07:01,9
1516172,SSSQLFWEP,0,HLA-C07:01,9
1516177,STEERIDLD,0,HLA-C07:01,9
1516178,STHSLLEYS,0,HLA-C07:01,9
1516184,SVQFFDVPY,0,HLA-C07:01,9
1516185,SVQGAEAPL,0,HLA-C07:01,9
1516190,SVVSFQANG,0,HLA-C07:01,9
1516197,TAQEEILKL,0,HLA-C07:01,9
1516198,TAVDLKNFV,0,HLA-C07:01,9
1516201,TDRERSTPE,0,HLA-C07:01,9
1516202,TDSRLQEAA,0,HLA-C07:01,9
1516210,TGAMGDRLT,0,HLA-C07:01,9
1516212,TGFSGNDIA,0,HLA-C07:01,9
1516218,TIPSINYIG,0,HLA-C07:01,9
1516224,TLACKHKST,0,HLA-C07:01,9
1516225,TLDCDVLQA,0,HLA-C07:01,9
1516240,TSLKALEDT,0,HLA-C07:01,9
1516242,TSSCGGAFW,0,HLA-C07:01,9
1516248,TTSELNGNP,0,HLA-C07:01,9
1516251,TTVLVTHDQ,0,HLA-C07:01,9
1516262,VAIGNGACV,0,HLA-C07:01,9
1516263,VAKARQVSA,0,HLA-C07:01,9
1516264,VALVDALNH,0,HLA-C07:01,9
1516269,VDESLAERR,0,HLA-C07:01,9
1516272,VDQRNNNNN,0,HLA-C07:01,9
1516273,VDSIMTALS,0,HLA-C07:01,9
1516275,VEISPELFD,0,HLA-C07:01,9
1516282,VFVPKSKSK,0,HLA-C07:01,9
1516287,VGSEIERMG,0,HLA-C07:01,9
1516289,VIAAYPEGL,0,HLA-C07:01,9
1516294,VIQQNFKAW,0,HLA-C07:01,9
1516296,VKAAMKQEQ,0,HLA-C07:01,9
1516302,VKTQPQWNG,0,HLA-C07:01,9
1516304,VLDTKATGV,0,HLA-C07:01,9
1516311,VNVLIESAY,0,HLA-C07:01,9
1516313,VPSRTGVDF,0,HLA-C07:01,9
1516320,VRELADGTR,0,HLA-C07:01,9
1516321,VRFDANTSG,0,HLA-C07:01,9
1516324,VRTGKDVRI,0,HLA-C07:01,9
1516326,VSHQVSAVL,0,HLA-C07:01,9
1516330,VSTSPIHLA,0,HLA-C07:01,9
1516334,VTYEWDDIV,0,HLA-C07:01,9
1516336,VVFGWRSFE,0,HLA-C07:01,9
1516338,VVKGMDVSF,0,HLA-C07:01,9
1516342,VVRHAASGA,0,HLA-C07:01,9
1516345,VVVPRVLSS,0,HLA-C07:01,9
1516346,VVWDLDSEL,0,HLA-C07:01,9
1516353,WANFARTGD,0,HLA-C07:01,9
1516354,WCAVDLRDG,0,HLA-C07:01,9
1516357,WESTWRPLA,0,HLA-C07:01,9
1516361,WLGLMKGDL,0,HLA-C07:01,9
1516362,WNFDGSSTF,0,HLA-C07:01,9
1516368,YEAMKSLNI,0,HLA-C07:01,9
1516373,YFMDVEQAA,0,HLA-C07:01,9
1516383,YKTLHRRKK,0,HLA-C07:01,9
1516385,YLKAVENTA,0,HLA-C07:01,9
1516388,YLWRNLFQT,0,HLA-C07:01,9
1516391,YNIFQDLNS,0,HLA-C07:01,9
1516393,YNTKYNGLN,0,HLA-C07:01,9
1516394,YPKNIHARP,0,HLA-C07:01,9
1516395,YPTKQTIEA,0,HLA-C07:01,9
1516398,YTEELLQDL,0,HLA-C07:01,9
1516401,YYIAYALHI,0,HLA-C07:01,9
1516402,YYSAAQYEQ,0,HLA-C07:01,9
5736,RRFEKAHNL,1,HLA-C07:01,9
11182,KRNDYVHAL,1,HLA-C07:01,9
17074,IRMTYIKEL,1,HLA-C07:01,9
18953,KRLGILVVF,1,HLA-C07:01,9
19564,KTIDYIQFL,1,HLA-C07:01,9
19673,KTKSIAEEL,1,HLA-C07:01,9
19873,RRIDFVLVY,1,HLA-C07:01,9
21796,ARLNWILHF,1,HLA-C07:01,9
22782,TRMRHVISY,1,HLA-C07:01,9
22925,RRFDTAFFL,1,HLA-C07:01,9
25245,FRDAFTQEL,1,HLA-C07:01,9
25691,RRNEQIRKL,1,HLA-C07:01,9
27167,RRTETVQKL,1,HLA-C07:01,9
33557,IRKLPFQRL,1,HLA-C07:01,9
33613,RRIEVNVEL,1,HLA-C07:01,9
34418,RRGHTALHL,1,HLA-C07:01,9
40276,FTNRTVLEL,1,HLA-C07:01,9
42028,KRQLYYQVL,1,HLA-C07:01,9
42402,KTKEVYELL,1,HLA-C07:01,9
43890,RRSDDMFTF,1,HLA-C07:01,9
44851,ATDDPAARF,1,HLA-C07:01,9
57844,KRFDMAVMF,1,HLA-C07:01,9
59500,KRTTVVAQL,1,HLA-C07:01,9
60057,KTKETIQVL,1,HLA-C07:01,9
65311,KTVSVALVL,1,HLA-C07:01,9
67623,RRPARCYRY,1,HLA-C07:01,9
69083,KRSTYNYSL,1,HLA-C07:01,9
69446,KRREPIPSL,1,HLA-C07:01,9
69912,RRLGLALGL,1,HLA-C07:01,9
72354,RRDFQIRVL,1,HLA-C07:01,9
72451,RRTSAIKAL,1,HLA-C07:01,9
72531,ATISYILTL,1,HLA-C07:01,9
73537,RRFFYDQAF,1,HLA-C07:01,9
76325,KRNPSSSTL,1,HLA-C07:01,9
76436,RRNPGVVIY,1,HLA-C07:01,9
84233,LRHDRPYTL,1,HLA-C07:01,9
88747,KRFYARYSL,1,HLA-C07:01,9
89257,IRPNIILVL,1,HLA-C07:01,9
89334,KRQDMVQRL,1,HLA-C07:01,9
90888,KRLDVEFVL,1,HLA-C07:01,9
92661,YRAPGTPTY,1,HLA-C07:01,9
96051,RRYQDKRLL,1,HLA-C07:01,9
96787,KRFDEWKEL,1,HLA-C07:01,9
96991,KRQEAIFEL,1,HLA-C07:01,9
97003,RRMEVYNEF,1,HLA-C07:01,9
97592,RRFMQTFVL,1,HLA-C07:01,9
99308,KRAKHFLEL,1,HLA-C07:01,9
99701,RNLHVVFTM,1,HLA-C07:01,9
100564,STIGQAFEL,1,HLA-C07:01,9
100886,VYLPTHTSL,1,HLA-C07:01,9
102008,MRAENFFIL,1,HLA-C07:01,9
102536,KRGDILKVL,1,HLA-C07:01,9
111748,KRLSVERIY,1,HLA-C07:01,9
114528,RRDYVFIEF,1,HLA-C07:01,9
114569,KRLLVVREL,1,HLA-C07:01,9
114691,ARNDYLLTL,1,HLA-C07:01,9
115516,LRDRHVRFF,1,HLA-C07:01,9
117086,GRIGYIYAL,1,HLA-C07:01,9
117629,KRKDYYKIL,1,HLA-C07:01,9
121083,RRGDFIHVM,1,HLA-C07:01,9
122102,ATNPKPVKL,1,HLA-C07:01,9
123326,KRSNYITRL,1,HLA-C07:01,9
124090,FRMPVLREY,1,HLA-C07:01,9
130200,RRRDHISHF,1,HLA-C07:01,9
130579,ETFNTPAMY,1,HLA-C07:01,9
1515966,AALDKKQRN,0,HLA-C07:01,9
1515968,AAPRPPTGP,0,HLA-C07:01,9
1515970,AARLARIAQ,0,HLA-C07:01,9
1515971,AAVPAGLLT,0,HLA-C07:01,9
1515972,AAYCRDNGL,0,HLA-C07:01,9
1515975,ADDGEDGWL,0,HLA-C07:01,9
1515976,ADDGQAYGF,0,HLA-C07:01,9
1515977,ADDVRQVCN,0,HLA-C07:01,9
1515978,ADKKQAEDR,0,HLA-C07:01,9
1515983,ADYLGVRIQ,0,HLA-C07:01,9
1515995,AGEETTGPE,0,HLA-C07:01,9
1515996,AGETGNGTS,0,HLA-C07:01,9
1516003,AHDMLQGAG,0,HLA-C07:01,9
1516004,AHESLRAMD,0,HLA-C07:01,9
1516008,AIVQEQENC,0,HLA-C07:01,9
1516015,ALFNLVTGG,0,HLA-C07:01,9
1516016,ALGGGPHCM,0,HLA-C07:01,9
1516018,ALGVAVCHY,0,HLA-C07:01,9
1516019,ALHHLKCVD,0,HLA-C07:01,9
1516020,ALHLAIVVS,0,HLA-C07:01,9
1516022,ALKDSQPGG,0,HLA-C07:01,9
1516025,ALMTHLDIL,0,HLA-C07:01,9
1516030,AMMERMGGF,0,HLA-C07:01,9
1516031,AMRAFTYGT,0,HLA-C07:01,9
1516041,APSAPPQDV,0,HLA-C07:01,9
1516051,ASLKPSILP,0,HLA-C07:01,9
1516053,ASQFRSLKN,0,HLA-C07:01,9
1516057,ATCLRSTKF,0,HLA-C07:01,9
1516058,ATGDNIIGN,0,HLA-C07:01,9
1516059,ATGVIVESE,0,HLA-C07:01,9
1516063,ATRYSVIRH,0,HLA-C07:01,9
1516066,ATVWHGQVN,0,HLA-C07:01,9
1516068,AVIVEIPFS,0,HLA-C07:01,9
1516070,AVKKVANDQ,0,HLA-C07:01,9
1516071,AVLLMLLLF,0,HLA-C07:01,9
1516073,AVRQLLLGV,0,HLA-C07:01,9
1516075,AVTWHGQQN,0,HLA-C07:01,9
1516082,CGSVDDGKS,0,HLA-C07:01,9
1516085,CLDYKDQAS,0,HLA-C07:01,9
1516097,DAAQGVEAQ,0,HLA-C07:01,9
1516099,DAFATVDDG,0,HLA-C07:01,9
1516103,DARSIALVV,0,HLA-C07:01,9
1516107,DDAHAAQVL,0,HLA-C07:01,9
1516110,DDNDNDENN,0,HLA-C07:01,9
1516122,DFRYRIFNA,0,HLA-C07:01,9
1516132,DGTLQGLLE,0,HLA-C07:01,9
1516134,DHFRDLMQP,0,HLA-C07:01,9
1516137,DIDFTIISA,0,HLA-C07:01,9
1516138,DIFQCDEGW,0,HLA-C07:01,9
1516139,DIIKEVDQN,0,HLA-C07:01,9
1516141,DIVKRYNWT,0,HLA-C07:01,9
1516147,DMDNNDLKP,0,HLA-C07:01,9
1516150,DNIQKTVAE,0,HLA-C07:01,9
1516155,DPAATVQLA,0,HLA-C07:01,9
1516159,DRHTVSTLY,0,HLA-C07:01,9
1516160,DRLASYLEN,0,HLA-C07:01,9
1516161,DRLKSIITT,0,HLA-C07:01,9
1516169,DVFSINAGS,0,HLA-C07:01,9
1516174,DYRHGSLHP,0,HLA-C07:01,9
1516176,EAARGLLNL,0,HLA-C07:01,9
1516187,EDAAHAAGT,0,HLA-C07:01,9
1516188,EDFLDGILG,0,HLA-C07:01,9
1516193,EEEKKLEEE,0,HLA-C07:01,9
1516203,EFEAVYKNL,0,HLA-C07:01,9
1516206,EFSTQSPQL,0,HLA-C07:01,9
1516214,EHSREPSAA,0,HLA-C07:01,9
1516218,EIQIRDLFF,0,HLA-C07:01,9
1516222,EKDGRWTVQ,0,HLA-C07:01,9
1516225,EKKCTAELD,0,HLA-C07:01,9
1516226,EKLGEYGFQ,0,HLA-C07:01,9
1516231,ELIVLSYSN,0,HLA-C07:01,9
1516232,ELKKEAKNN,0,HLA-C07:01,9
1516234,ELLRGDVSV,0,HLA-C07:01,9
1516235,ELRKVGAEV,0,HLA-C07:01,9
1516238,ELVDENHYR,0,HLA-C07:01,9
1516245,ERAKQEAAR,0,HLA-C07:01,9
1516249,ERTAKGRIA,0,HLA-C07:01,9
1516256,ETKEMLEEQ,0,HLA-C07:01,9
1516257,ETNLKEFAK,0,HLA-C07:01,9
1516265,EYVLWGHIY,0,HLA-C07:01,9
1516268,FDEVLICPH,0,HLA-C07:01,9
1516269,FDFSHFEAV,0,HLA-C07:01,9
1516272,FDRDPDMFR,0,HLA-C07:01,9
1516281,FGVWVRYDS,0,HLA-C07:01,9
1516283,FIEQYRDLG,0,HLA-C07:01,9
1516286,FKNIWADHG,0,HLA-C07:01,9
1516288,FLEVRAGTG,0,HLA-C07:01,9
1516298,FRASILNPE,0,HLA-C07:01,9
1516306,FSTIAIGGF,0,HLA-C07:01,9
1516310,FTHCLTPTE,0,HLA-C07:01,9
1516314,FYVSPTEMV,0,HLA-C07:01,9
1516316,GAANATASV,0,HLA-C07:01,9
1516320,GANLMYVED,0,HLA-C07:01,9
1516324,GASVAGAMA,0,HLA-C07:01,9
1516325,GATVITNLL,0,HLA-C07:01,9
1516327,GDFEHFIRI,0,HLA-C07:01,9
1516328,GEEVEYKDE,0,HLA-C07:01,9
1516342,GGFDPVPDA,0,HLA-C07:01,9
1516344,GGGPGMVML,0,HLA-C07:01,9
1516346,GGYLKASNG,0,HLA-C07:01,9
1516361,GLREDKETL,0,HLA-C07:01,9
1516371,GPTVPPDKA,0,HLA-C07:01,9
1516383,GSPRPYGGY,0,HLA-C07:01,9
1516384,GSTRIPAVQ,0,HLA-C07:01,9
1516390,GTVTQLYGP,0,HLA-C07:01,9
1516394,GVLEACRRR,0,HLA-C07:01,9
1516406,HDHQMTHMA,0,HLA-C07:01,9
1516409,HFEARADGA,0,HLA-C07:01,9
1516410,HGFATALLL,0,HLA-C07:01,9
1516414,HITVFSRNV,0,HLA-C07:01,9
1516422,HNDVKQHVL,0,HLA-C07:01,9
1516429,HVLQGERAF,0,HLA-C07:01,9
1516430,HYITHYLME,0,HLA-C07:01,9
1516432,IASGLKMGR,0,HLA-C07:01,9
1516433,IDEDMPIEH,0,HLA-C07:01,9
1516437,IEEHLLTET,0,HLA-C07:01,9
1516439,IELNFARCA,0,HLA-C07:01,9
1516440,IESAGLDRI,0,HLA-C07:01,9
1516444,IFWSEVLKQ,0,HLA-C07:01,9
1516446,IGHMDTPKE,0,HLA-C07:01,9
1516448,IGSIEKMSK,0,HLA-C07:01,9
1516449,IHGIIDGYL,0,HLA-C07:01,9
1516450,IHKYNIRNK,0,HLA-C07:01,9
1516452,IISKEAPIH,0,HLA-C07:01,9
1516453,IITDEDDAE,0,HLA-C07:01,9
1516454,IKDITIDIA,0,HLA-C07:01,9
1516469,IRQVTEVID,0,HLA-C07:01,9
1516470,IRSVLEAQG,0,HLA-C07:01,9
1516472,ISIGLRTST,0,HLA-C07:01,9
1516474,ITRAKKGIL,0,HLA-C07:01,9
1516477,IVIERPDSE,0,HLA-C07:01,9
1516482,IVVPDLAAV,0,HLA-C07:01,9
1516484,IYETLKSHT,0,HLA-C07:01,9
1516494,KDKFRRLQN,0,HLA-C07:01,9
1516500,KEGFIHTGM,0,HLA-C07:01,9
1516506,KEVDTPVIL,0,HLA-C07:01,9
1516509,KGRYIPPHL,0,HLA-C07:01,9
1516513,KLALKKFCK,0,HLA-C07:01,9
1516515,KLIDEAGCR,0,HLA-C07:01,9
1516516,KLNAHLKEL,0,HLA-C07:01,9
1516518,KLSDLKMGI,0,HLA-C07:01,9
1516541,KSGSLIITS,0,HLA-C07:01,9
1516547,KTKLKQKIN,0,HLA-C07:01,9
1516548,KTLVDDRRM,0,HLA-C07:01,9
1516559,LAAPTSPTV,0,HLA-C07:01,9
1516561,LAIKKEVED,0,HLA-C07:01,9
1516566,LARPECLFL,0,HLA-C07:01,9
1516572,LDGTLVLSR,0,HLA-C07:01,9
1516577,LENDKGVLP,0,HLA-C07:01,9
1516586,LGINKDRYR,0,HLA-C07:01,9
1516587,LGKCLIEAC,0,HLA-C07:01,9
1516590,LGVLYADGF,0,HLA-C07:01,9
1516591,LGVWLKPEG,0,HLA-C07:01,9
1516592,LHGLVMWLG,0,HLA-C07:01,9
1516598,LIIFVYLFW,0,HLA-C07:01,9
1516599,LIISDRAHL,0,HLA-C07:01,9
1516604,LKRTHQEEK,0,HLA-C07:01,9
1516606,LKVAKEEWS,0,HLA-C07:01,9
1516616,LLSSDYGIG,0,HLA-C07:01,9
1516618,LLVRLGEDF,0,HLA-C07:01,9
1516627,LPCRVDLQL,0,HLA-C07:01,9
1516629,LPLGYRVLR,0,HLA-C07:01,9
1516634,LPQTAAADA,0,HLA-C07:01,9
1516636,LQDLGREPS,0,HLA-C07:01,9
1516641,LRPFRGDAA,0,HLA-C07:01,9
1516648,LTDITIDKV,0,HLA-C07:01,9
1516651,LTNDNNVRI,0,HLA-C07:01,9
1516662,LVGVMVVLT,0,HLA-C07:01,9
1516663,LVSVVANAV,0,HLA-C07:01,9
1516676,MGEKILVPR,0,HLA-C07:01,9
1516677,MGPDGRLLR,0,HLA-C07:01,9
1516684,MKPPLSAQQ,0,HLA-C07:01,9
1516689,MQPVIDLII,0,HLA-C07:01,9
1516691,MRAADRGID,0,HLA-C07:01,9
1516693,MRSPEPGAG,0,HLA-C07:01,9
1516703,MYVGSTLLK,0,HLA-C07:01,9
1516705,NAFMAGTGS,0,HLA-C07:01,9
1516711,NEASCCDGV,0,HLA-C07:01,9
1516712,NESTNELSL,0,HLA-C07:01,9
1516720,NKFDPNRID,0,HLA-C07:01,9
1516732,NMKLNPRLP,0,HLA-C07:01,9
1516733,NNDEEDDNR,0,HLA-C07:01,9
1516734,NPDDIDAVI,0,HLA-C07:01,9
1516738,NPNGKAVYK,0,HLA-C07:01,9
1516739,NPREADAMT,0,HLA-C07:01,9
1516742,NQTDKDQEI,0,HLA-C07:01,9
1516751,NSTRTRTTF,0,HLA-C07:01,9
1516761,NVVRKMMTN,0,HLA-C07:01,9
1516763,NYYRDEIID,0,HLA-C07:01,9
1516765,PAGPAAPGI,0,HLA-C07:01,9
1516771,PELQGRLPI,0,HLA-C07:01,9
1516772,PERESTLEL,0,HLA-C07:01,9
1516773,PESFGRRSR,0,HLA-C07:01,9
1516788,PIGTRPSRK,0,HLA-C07:01,9
1516796,PNCEVQKWV,0,HLA-C07:01,9
1516797,PNLEEIEHL,0,HLA-C07:01,9
1516800,PPDKCSNLR,0,HLA-C07:01,9
1516801,PPLAPPPWG,0,HLA-C07:01,9
1516804,PPYATFPRQ,0,HLA-C07:01,9
1516811,PTNRPMIRD,0,HLA-C07:01,9
1516813,PVKGVFVAS,0,HLA-C07:01,9
1516822,PYPSGAGLH,0,HLA-C07:01,9
1516824,QAGALTAEL,0,HLA-C07:01,9
1516828,QEFFYRVMQ,0,HLA-C07:01,9
1516831,QESITAQIA,0,HLA-C07:01,9
1516837,QHEIDGVVV,0,HLA-C07:01,9
1516845,QKLRAVTVD,0,HLA-C07:01,9
1516846,QLEVEKNEE,0,HLA-C07:01,9
1516850,QPIKLYYNG,0,HLA-C07:01,9
1516852,QQGYYPTSL,0,HLA-C07:01,9
1516854,QQLTHIWHT,0,HLA-C07:01,9
1516858,QRGSYPLPN,0,HLA-C07:01,9
1516860,QRRHDGLPG,0,HLA-C07:01,9
1516867,QVYDGEKVL,0,HLA-C07:01,9
1516868,RAISAAKQR,0,HLA-C07:01,9
1516869,RAPRQKTMG,0,HLA-C07:01,9
1516871,RDDGGNSHR,0,HLA-C07:01,9
1516873,RDPHDMWLV,0,HLA-C07:01,9
1516876,REDEDLIFD,0,HLA-C07:01,9
1516877,REERELAKK,0,HLA-C07:01,9
1516879,REGRPSENE,0,HLA-C07:01,9
1516881,REKGEANHR,0,HLA-C07:01,9
1516882,RGRVPIVTG,0,HLA-C07:01,9
1516887,RLCQKFGEY,0,HLA-C07:01,9
1516888,RLGIPESLI,0,HLA-C07:01,9
1516896,RNFQLYRRG,0,HLA-C07:01,9
1516898,RPMHVEGKI,0,HLA-C07:01,9
1516904,RRLARSMNV,0,HLA-C07:01,9
1516909,RSVNLQDFK,0,HLA-C07:01,9
1516911,RTACSCALG,0,HLA-C07:01,9
1516914,RTLNAYDHR,0,HLA-C07:01,9
1516916,RTRVEMLID,0,HLA-C07:01,9
1516920,RVFAFEKDK,0,HLA-C07:01,9
1516924,RVVQDAARR,0,HLA-C07:01,9
1516935,SASSFLIDT,0,HLA-C07:01,9
1516937,SDLQQKYSQ,0,HLA-C07:01,9
1516938,SDTAEQVIL,0,HLA-C07:01,9
1516939,SDTCSTSSP,0,HLA-C07:01,9
1516941,SEAGSYGRD,0,HLA-C07:01,9
1516945,SFYTKEYLF,0,HLA-C07:01,9
1516949,SHIPGTPSQ,0,HLA-C07:01,9
1516954,SIPGARCPT,0,HLA-C07:01,9
1516968,SNNVHLHKI,0,HLA-C07:01,9
1516973,SPTDVHRQF,0,HLA-C07:01,9
1516976,SQKSPELQE,0,HLA-C07:01,9
1516979,SRDDTGTDL,0,HLA-C07:01,9
1516983,SRVERVQVE,0,HLA-C07:01,9
1516990,SSSRVGAGV,0,HLA-C07:01,9
1516992,STDVWARGL,0,HLA-C07:01,9
1516994,STGRHTSSA,0,HLA-C07:01,9
1516995,STGTGGGQE,0,HLA-C07:01,9
1516999,SVEKTHLVD,0,HLA-C07:01,9
1517005,SYEYTDYED,0,HLA-C07:01,9
1517009,SYQLIVADI,0,HLA-C07:01,9
1517011,TACVLSAKL,0,HLA-C07:01,9
1517017,TCCEISDTK,0,HLA-C07:01,9
1517019,TDGSRVLKD,0,HLA-C07:01,9
1517020,TDIVKIAGN,0,HLA-C07:01,9
1517021,TDVNLPYIT,0,HLA-C07:01,9
1517023,TELNDPIDQ,0,HLA-C07:01,9
1517027,TFVAAVSAA,0,HLA-C07:01,9
1517028,TGCDLHMLM,0,HLA-C07:01,9
1517035,THVETRGKA,0,HLA-C07:01,9
1517041,TKTIQVPQQ,0,HLA-C07:01,9
1517042,TLDGTVVYD,0,HLA-C07:01,9
1517043,TLKDGIVVD,0,HLA-C07:01,9
1517066,TTQKLVDGK,0,HLA-C07:01,9
1517072,TVYRLITRG,0,HLA-C07:01,9
1517075,TYYEIFDRQ,0,HLA-C07:01,9
1517078,VAGDEADSA,0,HLA-C07:01,9
1517080,VANTDIEAK,0,HLA-C07:01,9
1517090,VEKLARTLF,0,HLA-C07:01,9
1517098,VGPAGLNSS,0,HLA-C07:01,9
1517104,VINSASAVL,0,HLA-C07:01,9
1517107,VIRQFVQDL,0,HLA-C07:01,9
1517111,VKLSSPLLP,0,HLA-C07:01,9
1517112,VKMLVELRD,0,HLA-C07:01,9
1517114,VLFVIFNSL,0,HLA-C07:01,9
1517118,VLPAQDGNA,0,HLA-C07:01,9
1517119,VLSHQGIIH,0,HLA-C07:01,9
1517120,VLTFAGSGV,0,HLA-C07:01,9
1517124,VMNAITRPL,0,HLA-C07:01,9
1517138,VRSAGTSAQ,0,HLA-C07:01,9
1517144,VTHRQKGTP,0,HLA-C07:01,9
1517145,VTLPGNLTA,0,HLA-C07:01,9
1517150,VTVPLVPDG,0,HLA-C07:01,9
1517151,VTVSFEELT,0,HLA-C07:01,9
1517155,VVGGGSGTG,0,HLA-C07:01,9
1517158,VVLEHITTA,0,HLA-C07:01,9
1517164,WASFCAAIL,0,HLA-C07:01,9
1517171,WNMSVQWWL,0,HLA-C07:01,9
1517172,WRILKLNST,0,HLA-C07:01,9
1517178,YAFRNWPIA,0,HLA-C07:01,9
1517179,YAPDSNQGN,0,HLA-C07:01,9
1517180,YARPTNPFG,0,HLA-C07:01,9
1517183,YELFYTGEQ,0,HLA-C07:01,9
1517184,YEYWQKGFQ,0,HLA-C07:01,9
1517185,YFNEHCIFL,0,HLA-C07:01,9
1517192,YIMITSEGS,0,HLA-C07:01,9
1517194,YKGRHDIPT,0,HLA-C07:01,9
1517195,YLFKWTALM,0,HLA-C07:01,9
4720,SRASPVRLL,1,HLA-C07:01,9
5129,RRSAKIAVY,1,HLA-C07:01,9
8228,FRTPHVLVL,1,HLA-C07:01,9
14901,SRNSNTVVF,1,HLA-C07:01,9
15216,RTYDLYITY,1,HLA-C07:01,9
20268,GNYFHHVVL,1,HLA-C07:01,9
20272,RNLDAQYEM,1,HLA-C07:01,9
21293,YRDAYLFLL,1,HLA-C07:01,9
21347,SRLFFVIEY,1,HLA-C07:01,9
22834,RRGPFPLAL,1,HLA-C07:01,9
25126,RTISVILFL,1,HLA-C07:01,9
25149,RRDGQILVY,1,HLA-C07:01,9
25686,KTNHVFFLL,1,HLA-C07:01,9
27551,KRGDVIYIL,1,HLA-C07:01,9
27596,RRKDLVLKY,1,HLA-C07:01,9
29298,SRNLFVLGF,1,HLA-C07:01,9
30724,RTPSDVKEL,1,HLA-C07:01,9
36787,SRLYLIFEF,1,HLA-C07:01,9
37727,KRGILTLKY,1,HLA-C07:01,9
38884,RTAHVILRY,1,HLA-C07:01,9
39638,TRSAIILHL,1,HLA-C07:01,9
40893,KRGEIPLEL,1,HLA-C07:01,9
40958,RRPKYTIYF,1,HLA-C07:01,9
42854,IRAGEIVVF,1,HLA-C07:01,9
44756,KYISGPHEL,1,HLA-C07:01,9
48439,YTTDFIYQL,1,HLA-C07:01,9
48738,KRVEDAYIL,1,HLA-C07:01,9
48880,KRFADFTVY,1,HLA-C07:01,9
49360,YRNKFTQKY,1,HLA-C07:01,9
49742,NRLSFFFDF,1,HLA-C07:01,9
52434,RRGIFHIIL,1,HLA-C07:01,9
53596,KTNEMLLNF,1,HLA-C07:01,9
56281,YEDPQHHPL,1,HLA-C07:01,9
57969,RNRFVELHF,1,HLA-C07:01,9
58850,FTDEESRVF,1,HLA-C07:01,9
61735,YNHPVHFVF,1,HLA-C07:01,9
61770,SAFLKTIAL,1,HLA-C07:01,9
62170,ARADFQKVL,1,HLA-C07:01,9
62727,KTKGFEVYL,1,HLA-C07:01,9
63966,LRNQSVFNF,1,HLA-C07:01,9
65109,YEMQRNLSL,1,HLA-C07:01,9
65245,RRSPVKVVF,1,HLA-C07:01,9
65612,KRYHIAKVY,1,HLA-C07:01,9
66365,TRLGFFTTY,1,HLA-C07:01,9
74072,KRWESERIL,1,HLA-C07:01,9
75792,KRKEYFFKY,1,HLA-C07:01,9
76175,ITFPGLHEL,1,HLA-C07:01,9
79643,ARGQYVKFL,1,HLA-C07:01,9
80229,RNLRTALIF,1,HLA-C07:01,9
81036,RNYLHYSLY,1,HLA-C07:01,9
83213,YTNGKCVIL,1,HLA-C07:01,9
85555,RRGPHHYEL,1,HLA-C07:01,9
86618,SRDKFIREL,1,HLA-C07:01,9
86744,RPFERTITM,1,HLA-C07:01,9
87327,KRTGTVQVL,1,HLA-C07:01,9
88691,YTVKAILIL,1,HLA-C07:01,9
91508,KRQEVIYEL,1,HLA-C07:01,9
92783,QRRHFIIQY,1,HLA-C07:01,9
94113,SRNKQVREL,1,HLA-C07:01,9
100093,ATNPISRVL,1,HLA-C07:01,9
100482,RTPDGQYIY,1,HLA-C07:01,9
102891,RNLPTIFVY,1,HLA-C07:01,9
104289,QRNLFILAY,1,HLA-C07:01,9
107537,RNKEIVHTF,1,HLA-C07:01,9
109380,KRFGKAYNL,1,HLA-C07:01,9
110782,SRAPSTYTY,1,HLA-C07:01,9
114213,KRAPYIAYL,1,HLA-C07:01,9
116229,KTSDFLKVL,1,HLA-C07:01,9
121721,SRKSFVFEL,1,HLA-C07:01,9
129200,KRPVIVKVL,1,HLA-C07:01,9
130633,RRFEYKYSF,1,HLA-C07:01,9
131913,GRNQEVHTL,1,HLA-C07:01,9
132770,RRGPNRTSY,1,HLA-C07:01,9
133087,KRWESERVL,1,HLA-C07:01,9
1511461,AAIRDIHST,0,HLA-C07:01,9
1511463,AALHFTGLS,0,HLA-C07:01,9
1511467,AALTGLVVA,0,HLA-C07:01,9
1511479,AFFAHYGER,0,HLA-C07:01,9
1511481,AFVQLKLDG,0,HLA-C07:01,9
1511487,AHPIPQSFL,0,HLA-C07:01,9
1511504,ALEVADRVV,0,HLA-C07:01,9
1511509,ALTMAEYFR,0,HLA-C07:01,9
1511511,AMAAQFAAE,0,HLA-C07:01,9
1511512,AMAATALIS,0,HLA-C07:01,9
1511513,AMAPSVNAL,0,HLA-C07:01,9
1511514,AMGIPPPAI,0,HLA-C07:01,9
1511528,ASGVDREDN,0,HLA-C07:01,9
1511529,ASLDYNFKR,0,HLA-C07:01,9
1511532,ASRVLVSCR,0,HLA-C07:01,9
1511537,ATFQVRDKN,0,HLA-C07:01,9
1511538,ATILNKMYK,0,HLA-C07:01,9
1511539,ATMAGLSAL,0,HLA-C07:01,9
1511540,ATSFLQHPW,0,HLA-C07:01,9
1511541,ATVTLGTSR,0,HLA-C07:01,9
1511542,AVAKEEAKP,0,HLA-C07:01,9
1511544,AVIQRLAKA,0,HLA-C07:01,9
1511547,AVPTNGWAV,0,HLA-C07:01,9
1511548,AVSSYYRET,0,HLA-C07:01,9
1511551,AYKSILEAL,0,HLA-C07:01,9
1511554,CATGHVIVM,0,HLA-C07:01,9
1511558,CGFALHLGL,0,HLA-C07:01,9
1511559,CGGIEVKGY,0,HLA-C07:01,9
1511563,CLQLITNEL,0,HLA-C07:01,9
1511564,CMTRADHQS,0,HLA-C07:01,9
1511565,CQKRISTAI,0,HLA-C07:01,9
1511566,CQRAGQPAS,0,HLA-C07:01,9
1511570,CTTRVKTGV,0,HLA-C07:01,9
1511571,CVRAGSPNS,0,HLA-C07:01,9
1511573,CWSWMNTQA,0,HLA-C07:01,9
1511577,DALIGRLRA,0,HLA-C07:01,9
1511578,DCMTDNRVR,0,HLA-C07:01,9
1511579,DDARLTIEV,0,HLA-C07:01,9
1511586,DETLEPGEY,0,HLA-C07:01,9
1511589,DFFDASINR,0,HLA-C07:01,9
1511591,DGHFYMIKD,0,HLA-C07:01,9
1511596,DGSYAKGNL,0,HLA-C07:01,9
1511598,DHHLEICGG,0,HLA-C07:01,9
1511599,DHLAALMIT,0,HLA-C07:01,9
1511600,DHTMVMAED,0,HLA-C07:01,9
1511607,DKFQNIFPA,0,HLA-C07:01,9
1511609,DKSVAQLAG,0,HLA-C07:01,9
1511610,DLAQWTRAV,0,HLA-C07:01,9
1511618,DPDIATAEE,0,HLA-C07:01,9
1511620,DPEVTLEQD,0,HLA-C07:01,9
1511621,DPFILSIIL,0,HLA-C07:01,9
1511634,DRYVAICFP,0,HLA-C07:01,9
1511638,DTRGVYGDF,0,HLA-C07:01,9
1511643,DYNLGWFLE,0,HLA-C07:01,9
1511644,DYPDGDRQQ,0,HLA-C07:01,9
1511652,EAMAGGAAS,0,HLA-C07:01,9
1511658,EASGQWRRR,0,HLA-C07:01,9
1511661,ECGKAFNHF,0,HLA-C07:01,9
1511663,EDGKFTVKD,0,HLA-C07:01,9
1511673,EEMEQGIAG,0,HLA-C07:01,9
1511678,EEYNHTTWF,0,HLA-C07:01,9
1511680,EFIHFLEEQ,0,HLA-C07:01,9
1511683,EFYKVADYF,0,HLA-C07:01,9
1511689,EHIELIASE,0,HLA-C07:01,9
1511690,EHILVRILK,0,HLA-C07:01,9
1511692,EIEMERIRQ,0,HLA-C07:01,9
1511696,EIRSIDSIS,0,HLA-C07:01,9
1511698,EKELAEIAE,0,HLA-C07:01,9
1511707,ELPRNTPKR,0,HLA-C07:01,9
1511710,ELVRKSIGR,0,HLA-C07:01,9
1511711,EMIKRNPDS,0,HLA-C07:01,9
1511714,EMWDKSVLE,0,HLA-C07:01,9
1511717,EPEQAAGAA,0,HLA-C07:01,9
1511718,EQDVAQLNI,0,HLA-C07:01,9
1511732,ESSFARDIV,0,HLA-C07:01,9
1511736,EVDAQGEEM,0,HLA-C07:01,9
1511738,EVELLKTPN,0,HLA-C07:01,9
1511739,EVRVQIDSG,0,HLA-C07:01,9
1511743,EYKKVLDKR,0,HLA-C07:01,9
1511744,EYTYLVDAF,0,HLA-C07:01,9
1511750,FEACRFGLE,0,HLA-C07:01,9
1511752,FEVVWAAIK,0,HLA-C07:01,9
1511754,FFHMPGGIR,0,HLA-C07:01,9
1511762,FGTDTLQEF,0,HLA-C07:01,9
1511764,FHLASLDMR,0,HLA-C07:01,9
1511765,FIDDPTYDK,0,HLA-C07:01,9
1511770,FKELHPGER,0,HLA-C07:01,9
1511777,FLGDILYMV,0,HLA-C07:01,9
1511787,FRAPSRIFW,0,HLA-C07:01,9
1511792,FSFEEALIQ,0,HLA-C07:01,9
1511797,FTGIDSAYE,0,HLA-C07:01,9
1511798,FTIERYIAI,0,HLA-C07:01,9
1511803,FVWGEDNVN,0,HLA-C07:01,9
1511807,GAAASRNAS,0,HLA-C07:01,9
1511816,GDTTTSVRD,0,HLA-C07:01,9
1511823,GFAGIDAPI,0,HLA-C07:01,9
1511831,GGGAGAGFG,0,HLA-C07:01,9
1511859,GMDLDSRAY,0,HLA-C07:01,9
1511861,GMVTINGHY,0,HLA-C07:01,9
1511866,GNWCLGFPQ,0,HLA-C07:01,9
1511868,GRAIVRGNE,0,HLA-C07:01,9
1511871,GRLKSAFVD,0,HLA-C07:01,9
1511873,GRRVYVGVK,0,HLA-C07:01,9
1511876,GSLPDGRDR,0,HLA-C07:01,9
1511881,GTKYVDLIE,0,HLA-C07:01,9
1511882,GTPKAVPEA,0,HLA-C07:01,9
1511884,GVDNPGHPF,0,HLA-C07:01,9
1511891,GVMSIDGEP,0,HLA-C07:01,9
1511892,GVPNIVVFL,0,HLA-C07:01,9
1511894,GYFKMRTGK,0,HLA-C07:01,9
1511903,HIKNYIINK,0,HLA-C07:01,9
1511904,HINILESAT,0,HLA-C07:01,9
1511912,HPQVAAFQE,0,HLA-C07:01,9
1511915,HTLAILPFQ,0,HLA-C07:01,9
1511928,IAFIDGKPA,0,HLA-C07:01,9
1511929,IAFSDSSDY,0,HLA-C07:01,9
1511933,IDESNQGQS,0,HLA-C07:01,9
1511937,IDNFDNMEL,0,HLA-C07:01,9
1511939,IEDVLEGKL,0,HLA-C07:01,9
1511940,IEIMDQRGD,0,HLA-C07:01,9
1511944,IFPYTGVVA,0,HLA-C07:01,9
1511958,ILFMSLLNS,0,HLA-C07:01,9
1511962,ILSLPWALA,0,HLA-C07:01,9
1511963,ILSPRRLQI,0,HLA-C07:01,9
1511965,ILYEVDARL,0,HLA-C07:01,9
1511969,IQGCIFDLV,0,HLA-C07:01,9
1511971,IRAYIKLGK,0,HLA-C07:01,9
1511973,IRQLAAANI,0,HLA-C07:01,9
1511980,IVADRMEGQ,0,HLA-C07:01,9
1511982,IVQLRRVLT,0,HLA-C07:01,9
1511983,IVRMEPADE,0,HLA-C07:01,9
1511984,IVSAYELVR,0,HLA-C07:01,9
1511985,IYTSIITLG,0,HLA-C07:01,9
1511989,KALCNAYRD,0,HLA-C07:01,9
1511992,KDHLELGEA,0,HLA-C07:01,9
1511997,KELHEKFDR,0,HLA-C07:01,9
1512016,KLELRRVAY,0,HLA-C07:01,9
1512022,KLTKEQVIR,0,HLA-C07:01,9
1512027,KNKNCRRHS,0,HLA-C07:01,9
1512029,KNQKLPGYP,0,HLA-C07:01,9
1512030,KNYFIDFEG,0,HLA-C07:01,9
1512035,KQAFTFSPT,0,HLA-C07:01,9
1512047,KVIIVLLLF,0,HLA-C07:01,9
1512050,KWTHGLHKE,0,HLA-C07:01,9
1512051,LAAAMKQIK,0,HLA-C07:01,9
1512069,LDLLFLEEN,0,HLA-C07:01,9
1512070,LDLPSGVNI,0,HLA-C07:01,9
1512074,LEEAQADVA,0,HLA-C07:01,9
1512077,LEFDRLFPE,0,HLA-C07:01,9
1512079,LEIGFGMGA,0,HLA-C07:01,9
1512085,LFINTLPLR,0,HLA-C07:01,9
1512088,LFNSAGELC,0,HLA-C07:01,9
1512094,LGIPEDETK,0,HLA-C07:01,9
1512096,LGSVIATSK,0,HLA-C07:01,9
1512099,LHKRTYARQ,0,HLA-C07:01,9
1512100,LHSIKFVNK,0,HLA-C07:01,9
1512106,LILIAWVPN,0,HLA-C07:01,9
1512109,LKALGFLIK,0,HLA-C07:01,9
1512130,LLSLNPAAR,0,HLA-C07:01,9
1512143,LNVIRSAIG,0,HLA-C07:01,9
1512156,LQEKSCMAG,0,HLA-C07:01,9
1512158,LQNPTFSVS,0,HLA-C07:01,9
1512162,LQVPDLVRA,0,HLA-C07:01,9
1512163,LRDVIRKFE,0,HLA-C07:01,9
1512165,LRELHLYST,0,HLA-C07:01,9
1512171,LRWSLNAEK,0,HLA-C07:01,9
1512173,LSDDKVKAV,0,HLA-C07:01,9
1512179,LSKIKTLSD,0,HLA-C07:01,9
1512180,LSLAFCFAS,0,HLA-C07:01,9
1512181,LSLCAAPCD,0,HLA-C07:01,9
1512192,LTSISVTAK,0,HLA-C07:01,9
1512196,LVRKIAQAA,0,HLA-C07:01,9
1512202,LYYYPPGEN,0,HLA-C07:01,9
1512204,MADGLKPLK,0,HLA-C07:01,9
1512212,MIGIMITHD,0,HLA-C07:01,9
1512220,MRSNSPSRF,0,HLA-C07:01,9
1512221,MSQDVNYAT,0,HLA-C07:01,9
1512229,NDELPPQMR,0,HLA-C07:01,9
1512237,NFKLAPSLT,0,HLA-C07:01,9
1512238,NFTHTPQGN,0,HLA-C07:01,9
1512243,NHQYILNFG,0,HLA-C07:01,9
1512250,NKFVGETER,0,HLA-C07:01,9
1512253,NLHLEYGPV,0,HLA-C07:01,9
1512259,NNLADLKKA,0,HLA-C07:01,9
1512260,NNRRLSVVK,0,HLA-C07:01,9
1512262,NPGFLEYRK,0,HLA-C07:01,9
1512263,NPLRVFELD,0,HLA-C07:01,9
1512265,NQSATLIKH,0,HLA-C07:01,9
1512266,NQVLASCAG,0,HLA-C07:01,9
1512267,NSHQNLAEW,0,HLA-C07:01,9
1512272,NVAKEPHVV,0,HLA-C07:01,9
1512288,PGHIDFTFE,0,HLA-C07:01,9
1512299,PKGAVMDII,0,HLA-C07:01,9
1512306,PLPNYENIN,0,HLA-C07:01,9
1512307,PLVETIFER,0,HLA-C07:01,9
1512317,PSTHSKCPP,0,HLA-C07:01,9
1512319,PTILRAIEE,0,HLA-C07:01,9
1512325,PVLPDEVLQ,0,HLA-C07:01,9
1512327,PVQPRDALR,0,HLA-C07:01,9
1512338,QDLMRDYAR,0,HLA-C07:01,9
1512345,QGSAEKITK,0,HLA-C07:01,9
1512346,QHLSQKSLK,0,HLA-C07:01,9
1512347,QIDTALKTA,0,HLA-C07:01,9
1512352,QKQYHRGTL,0,HLA-C07:01,9
1512353,QKTIRRVFI,0,HLA-C07:01,9
1512358,QLLNAISDP,0,HLA-C07:01,9
1512367,QRDIKIMPF,0,HLA-C07:01,9
1512370,QRQEIESTN,0,HLA-C07:01,9
1512374,QTKPATKSF,0,HLA-C07:01,9
1512378,QVEIVVAGF,0,HLA-C07:01,9
1512380,QVSALPPNG,0,HLA-C07:01,9
1512381,QWDAPNGWA,0,HLA-C07:01,9
1512388,RAIAEGATL,0,HLA-C07:01,9
1512395,RDVILFPAM,0,HLA-C07:01,9
1512405,RGGAIQSQT,0,HLA-C07:01,9
1512408,RGLSAKSFD,0,HLA-C07:01,9
1512410,RGSVHFALH,0,HLA-C07:01,9
1512418,RISQQIPVI,0,HLA-C07:01,9
1512425,RLVFGPLGD,0,HLA-C07:01,9
1512427,RMSDLKGIL,0,HLA-C07:01,9
1512431,RPADFRGWK,0,HLA-C07:01,9
1512434,RPSFTPRQA,0,HLA-C07:01,9
1512435,RQGFKGRTH,0,HLA-C07:01,9
1512438,RQSAYCFPR,0,HLA-C07:01,9
1512440,RRIAERIGV,0,HLA-C07:01,9
1512443,RRLNNMRPE,0,HLA-C07:01,9
1512447,RSTSPKCRS,0,HLA-C07:01,9
1512449,RTDGPVIQL,0,HLA-C07:01,9
1512464,SAMEIMEAY,0,HLA-C07:01,9
1512467,SATPGFERD,0,HLA-C07:01,9
1512472,SDPSQLQDF,0,HLA-C07:01,9
1512473,SEQTPSALV,0,HLA-C07:01,9
1512479,SGKTSTKDL,0,HLA-C07:01,9
1512482,SGVLPVCLG,0,HLA-C07:01,9
1512487,SIINSLRVR,0,HLA-C07:01,9
1512489,SITSIQAVY,0,HLA-C07:01,9
1512491,SIVVNLGDQ,0,HLA-C07:01,9
1512494,SKMLRVMML,0,HLA-C07:01,9
1512505,SMLQATWLR,0,HLA-C07:01,9
1512507,SNGTYGEDC,0,HLA-C07:01,9
1512510,SNSDIEASL,0,HLA-C07:01,9
1512514,SPATGPGPH,0,HLA-C07:01,9
1512517,SPGFVDLVT,0,HLA-C07:01,9
1512521,SQAEALLHG,0,HLA-C07:01,9
1512522,SQTQAIVVA,0,HLA-C07:01,9
1512523,SQTVTELPP,0,HLA-C07:01,9
1512524,SRCTHLENR,0,HLA-C07:01,9
1512530,SSCIIAGYP,0,HLA-C07:01,9
1512535,SSSSEVRGL,0,HLA-C07:01,9
1512536,SSSSSLPSS,0,HLA-C07:01,9
1512538,STDRTIIGD,0,HLA-C07:01,9
1512541,SVAGCGWLL,0,HLA-C07:01,9
1512547,SWQGEAMIY,0,HLA-C07:01,9
1512550,SYGSKPMEK,0,HLA-C07:01,9
1512554,TATPEQLGM,0,HLA-C07:01,9
1512563,TFGLAVGGQ,0,HLA-C07:01,9
1512564,TGAVLGSPL,0,HLA-C07:01,9
1512566,TGQVQASSG,0,HLA-C07:01,9
1512569,TGVEIYPTS,0,HLA-C07:01,9
1512570,THAAGATRS,0,HLA-C07:01,9
1512579,TKRPAPAPV,0,HLA-C07:01,9
1512584,TLFDGADML,0,HLA-C07:01,9
1512596,TRAEVDRIN,0,HLA-C07:01,9
1512597,TRDMVALSG,0,HLA-C07:01,9
1512598,TRFKVGTDG,0,HLA-C07:01,9
1512606,TSVHAFALD,0,HLA-C07:01,9
1512610,TVALHAIAE,0,HLA-C07:01,9
1512616,TYFEATMVN,0,HLA-C07:01,9
1512622,VAEAKERIK,0,HLA-C07:01,9
1512632,VDGKAKDIA,0,HLA-C07:01,9
1512635,VEKEGWGGF,0,HLA-C07:01,9
1512638,VERAKKIAP,0,HLA-C07:01,9
1512640,VERRERANL,0,HLA-C07:01,9
1512647,VGIHFASDV,0,HLA-C07:01,9
1512648,VGSGKTVVA,0,HLA-C07:01,9
1512650,VIAEGNVIT,0,HLA-C07:01,9
1512659,VKVTALPSS,0,HLA-C07:01,9
1512667,VLTIAAQQS,0,HLA-C07:01,9
1512675,VPDRIETGT,0,HLA-C07:01,9
1512677,VQNVFLTLQ,0,HLA-C07:01,9
1512682,VRVTYLQPA,0,HLA-C07:01,9
1512685,VSLKITGEC,0,HLA-C07:01,9
1512687,VSRFVEASK,0,HLA-C07:01,9
1512691,VTASDGTRS,0,HLA-C07:01,9
1512692,VTPLASAVA,0,HLA-C07:01,9
1512694,VTVCASAGQ,0,HLA-C07:01,9
1512708,WGKRVSLGS,0,HLA-C07:01,9
1512710,WMDRVSSEA,0,HLA-C07:01,9
1512712,WNVGEIPQM,0,HLA-C07:01,9
1512713,WQKERDLLK,0,HLA-C07:01,9
1512728,YITKKQLFN,0,HLA-C07:01,9
1512734,YRTDDFVLE,0,HLA-C07:01,9
1512737,YSGTLGAAF,0,HLA-C07:01,9
1512738,YTLTCRFEG,0,HLA-C07:01,9
1512740,YVNGKTDAT,0,HLA-C07:01,9
1512746,YYVDAAGVI,0,HLA-C07:01,9
